Australia,won,lost,2nd,India,Sydney,2 Jan 2000
,,,,,,
India,lost,won,1st,Australia,Sydney,2 Jan 2000
,,,,,,
South Africa,won,lost,2nd,England,Cape Town,2 Jan 2000
,,,,,,
England,lost,won,1st,South Africa,Cape Town,2 Jan 2000
,,,,,,
England,won,won,2nd,South Africa,Centurion,14 Jan 2000
,,,,,,
South Africa,lost,lost,1st,England,Centurion,14 Jan 2000
,,,,,,
South Africa,won,lost,2nd,India,Mumbai,24 Feb 2000
,,,,,,
India,lost,won,1st,South Africa,Mumbai,24 Feb 2000
,,,,,,
Sri Lanka,won,won,2nd,Pakistan,Rawalpindi,26 Feb 2000
,,,,,,
Pakistan,lost,lost,1st,Sri Lanka,Rawalpindi,26 Feb 2000
,,,,,,
South Africa,won,lost,2nd,India,Bengaluru,2 Mar 2000
,,,,,,
India,lost,won,1st,South Africa,Bengaluru,2 Mar 2000
,,,,,,
Sri Lanka,won,lost,1st,Pakistan,Peshawar,5 Mar 2000
,,,,,,
Pakistan,lost,won,2nd,Sri Lanka,Peshawar,5 Mar 2000
,,,,,,
Australia,won,won,1st,New Zealand,Auckland,11 Mar 2000
,,,,,,
New Zealand,lost,lost,2nd,Australia,Auckland,11 Mar 2000
,,,,,,
Pakistan,won,lost,1st,Sri Lanka,Karachi,12 Mar 2000
,,,,,,
Sri Lanka,lost,won,2nd,Pakistan,Karachi,12 Mar 2000
,,,,,,
West Indies,won,lost,1st,Zimbabwe,Port of Spain,16 Mar 2000
,,,,,,
Zimbabwe,lost,won,2nd,West Indies,Port of Spain,16 Mar 2000
,,,,,,
Australia,won,lost,2nd,New Zealand,Wellington,24 Mar 2000
,,,,,,
New Zealand,lost,won,1st,Australia,Wellington,24 Mar 2000
,,,,,,
West Indies,won,lost,2nd,Zimbabwe,Kingston,24 Mar 2000
,,,,,,
Zimbabwe,lost,won,1st,West Indies,Kingston,24 Mar 2000
,,,,,,
Australia,won,won,2nd,New Zealand,Hamilton,31 Mar 2000
,,,,,,
New Zealand,lost,lost,1st,Australia,Hamilton,31 Mar 2000
,,,,,,
Pakistan,draw,lost,1st,West Indies,Georgetown,5 May 2000
,,,,,,
West Indies,draw,won,2nd,Pakistan,Georgetown,5 May 2000
,,,,,,
England,won,won,2nd,Zimbabwe,Lord's,18 May 2000
,,,,,,
Zimbabwe,lost,lost,1st,England,Lord's,18 May 2000
,,,,,,
Pakistan,draw,won,1st,West Indies,Bridgetown,18 May 2000
,,,,,,
West Indies,draw,lost,2nd,Pakistan,Bridgetown,18 May 2000
,,,,,,
West Indies,won,won,2nd,Pakistan,St John's,25 May 2000
,,,,,,
Pakistan,lost,lost,1st,West Indies,St John's,25 May 2000
,,,,,,
England,draw,lost,1st,Zimbabwe,Nottingham,1 Jun 2000
,,,,,,
Zimbabwe,draw,won,2nd,England,Nottingham,1 Jun 2000
,,,,,,
Pakistan,won,lost,2nd,Sri Lanka,Colombo (SSC),14 Jun 2000
,,,,,,
Sri Lanka,lost,won,1st,Pakistan,Colombo (SSC),14 Jun 2000
,,,,,,
West Indies,won,won,2nd,England,Birmingham,15 Jun 2000
,,,,,,
England,lost,lost,1st,West Indies,Birmingham,15 Jun 2000
,,,,,,
Pakistan,won,lost,2nd,Sri Lanka,Galle,21 Jun 2000
,,,,,,
Sri Lanka,lost,won,1st,Pakistan,Galle,21 Jun 2000
,,,,,,
Pakistan,draw,lost,2nd,Sri Lanka,Kandy,28 Jun 2000
,,,,,,
Sri Lanka,draw,won,1st,Pakistan,Kandy,28 Jun 2000
,,,,,,
England,won,won,2nd,West Indies,Lord's,29 Jun 2000
,,,,,,
West Indies,lost,lost,1st,England,Lord's,29 Jun 2000
,,,,,,
Sri Lanka,won,won,1st,South Africa,Galle,20 Jul 2000
,,,,,,
South Africa,lost,lost,2nd,Sri Lanka,Galle,20 Jul 2000
,,,,,,
South Africa,won,lost,1st,Sri Lanka,Kandy,30 Jul 2000
,,,,,,
Sri Lanka,lost,won,2nd,South Africa,Kandy,30 Jul 2000
,,,,,,
England,draw,lost,2nd,West Indies,Manchester,3 Aug 2000
,,,,,,
West Indies,draw,won,1st,England,Manchester,3 Aug 2000
,,,,,,
South Africa,draw,lost,1st,Sri Lanka,Colombo (SSC),6 Aug 2000
,,,,,,
Sri Lanka,draw,won,2nd,South Africa,Colombo (SSC),6 Aug 2000
,,,,,,
England,won,lost,2nd,West Indies,Leeds,17 Aug 2000
,,,,,,
West Indies,lost,won,1st,England,Leeds,17 Aug 2000
,,,,,,
England,won,lost,1st,West Indies,The Oval,31 Aug 2000
,,,,,,
West Indies,lost,won,2nd,England,The Oval,31 Aug 2000
,,,,,,
New Zealand,won,lost,2nd,Zimbabwe,Bulawayo,12 Sep 2000
,,,,,,
Zimbabwe,lost,won,1st,New Zealand,Bulawayo,12 Sep 2000
,,,,,,
New Zealand,won,won,1st,Zimbabwe,Harare,19 Sep 2000
,,,,,,
Zimbabwe,lost,lost,2nd,New Zealand,Harare,19 Sep 2000
,,,,,,
India,won,lost,2nd,Bangladesh,Dhaka,10 Nov 2000
,,,,,,
Bangladesh,lost,won,1st,India,Dhaka,10 Nov 2000
,,,,,,
England,draw,won,1st,Pakistan,Lahore,15 Nov 2000
,,,,,,
Pakistan,draw,lost,2nd,England,Lahore,15 Nov 2000
,,,,,,
South Africa,won,won,1st,New Zealand,Bloemfontein,17 Nov 2000
,,,,,,
New Zealand,lost,lost,2nd,South Africa,Bloemfontein,17 Nov 2000
,,,,,,
India,won,lost,2nd,Zimbabwe,Delhi,18 Nov 2000
,,,,,,
Zimbabwe,lost,won,1st,India,Delhi,18 Nov 2000
,,,,,,
Australia,won,won,2nd,West Indies,Brisbane,23 Nov 2000
,,,,,,
West Indies,lost,lost,1st,Australia,Brisbane,23 Nov 2000
,,,,,,
India,draw,won,1st,Zimbabwe,Nagpur,25 Nov 2000
,,,,,,
Zimbabwe,draw,lost,2nd,India,Nagpur,25 Nov 2000
,,,,,,
England,draw,lost,2nd,Pakistan,Faisalabad,29 Nov 2000
,,,,,,
Pakistan,draw,won,1st,England,Faisalabad,29 Nov 2000
,,,,,,
South Africa,won,won,2nd,New Zealand,Port Elizabeth,30 Nov 2000
,,,,,,
New Zealand,lost,lost,1st,South Africa,Port Elizabeth,30 Nov 2000
,,,,,,
Australia,won,won,2nd,West Indies,Perth,1 Dec 2000
,,,,,,
West Indies,lost,lost,1st,Australia,Perth,1 Dec 2000
,,,,,,
England,won,lost,2nd,Pakistan,Karachi,7 Dec 2000
,,,,,,
Pakistan,lost,won,1st,England,Karachi,7 Dec 2000
,,,,,,
New Zealand,draw,lost,1st,South Africa,Johannesburg,8 Dec 2000
,,,,,,
South Africa,draw,won,2nd,New Zealand,Johannesburg,8 Dec 2000
,,,,,,
Australia,won,lost,2nd,West Indies,Adelaide,15 Dec 2000
,,,,,,
West Indies,lost,won,1st,Australia,Adelaide,15 Dec 2000
,,,,,,
New Zealand,draw,won,1st,Zimbabwe,Wellington,26 Dec 2000
,,,,,,
Zimbabwe,draw,lost,2nd,New Zealand,Wellington,26 Dec 2000
,,,,,,
Australia,won,lost,1st,West Indies,Melbourne,26 Dec 2000
,,,,,,
West Indies,lost,won,2nd,Australia,Melbourne,26 Dec 2000
,,,,,,
South Africa,draw,won,1st,Sri Lanka,Durban,26 Dec 2000
,,,,,,
Sri Lanka,draw,lost,2nd,South Africa,Durban,26 Dec 2000
,,,,,,
Australia,won,lost,2nd,West Indies,Sydney,2 Jan 2001
,,,,,,
West Indies,lost,won,1st,Australia,Sydney,2 Jan 2001
,,,,,,
South Africa,won,lost,2nd,Sri Lanka,Cape Town,2 Jan 2001
,,,,,,
Sri Lanka,lost,won,1st,South Africa,Cape Town,2 Jan 2001
,,,,,,
South Africa,won,lost,1st,Sri Lanka,Centurion,20 Jan 2001
,,,,,,
Sri Lanka,lost,won,2nd,South Africa,Centurion,20 Jan 2001
,,,,,,
Sri Lanka,won,won,1st,England,Galle,22 Feb 2001
,,,,,,
England,lost,lost,2nd,Sri Lanka,Galle,22 Feb 2001
,,,,,,
Australia,won,won,2nd,India,Mumbai,27 Feb 2001
,,,,,,
India,lost,lost,1st,Australia,Mumbai,27 Feb 2001
,,,,,,
England,won,lost,2nd,Sri Lanka,Kandy,7 Mar 2001
,,,,,,
Sri Lanka,lost,won,1st,England,Kandy,7 Mar 2001
,,,,,,
Pakistan,won,lost,1st,New Zealand,Auckland,8 Mar 2001
,,,,,,
New Zealand,lost,won,2nd,Pakistan,Auckland,8 Mar 2001
,,,,,,
South Africa,draw,lost,2nd,West Indies,Georgetown,9 Mar 2001
,,,,,,
West Indies,draw,won,1st,South Africa,Georgetown,9 Mar 2001
,,,,,,
India,won,lost,2nd,Australia,Kolkata,11 Mar 2001
,,,,,,
Australia,lost,won,1st,India,Kolkata,11 Mar 2001
,,,,,,
New Zealand,draw,lost,1st,Pakistan,Christchurch,15 Mar 2001
,,,,,,
Pakistan,draw,won,2nd,New Zealand,Christchurch,15 Mar 2001
,,,,,,
England,won,lost,2nd,Sri Lanka,Colombo (SSC),15 Mar 2001
,,,,,,
Sri Lanka,lost,won,1st,England,Colombo (SSC),15 Mar 2001
,,,,,,
South Africa,won,won,1st,West Indies,Port of Spain,17 Mar 2001
,,,,,,
West Indies,lost,lost,2nd,South Africa,Port of Spain,17 Mar 2001
,,,,,,
India,won,lost,2nd,Australia,Chennai,18 Mar 2001
,,,,,,
Australia,lost,won,1st,India,Chennai,18 Mar 2001
,,,,,,
New Zealand,won,won,2nd,Pakistan,Hamilton,27 Mar 2001
,,,,,,
Pakistan,lost,lost,1st,New Zealand,Hamilton,27 Mar 2001
,,,,,,
South Africa,draw,lost,1st,West Indies,Bridgetown,29 Mar 2001
,,,,,,
West Indies,draw,won,2nd,South Africa,Bridgetown,29 Mar 2001
,,,,,,
South Africa,won,lost,1st,West Indies,St John's,6 Apr 2001
,,,,,,
West Indies,lost,won,2nd,South Africa,St John's,6 Apr 2001
,,,,,,
Zimbabwe,won,won,2nd,Bangladesh,Bulawayo,19 Apr 2001
,,,,,,
Bangladesh,lost,lost,1st,Zimbabwe,Bulawayo,19 Apr 2001
,,,,,,
West Indies,won,won,1st,South Africa,Kingston,19 Apr 2001
,,,,,,
South Africa,lost,lost,2nd,West Indies,Kingston,19 Apr 2001
,,,,,,
Zimbabwe,won,won,2nd,Bangladesh,Harare,26 Apr 2001
,,,,,,
Bangladesh,lost,lost,1st,Zimbabwe,Harare,26 Apr 2001
,,,,,,
England,won,lost,1st,Pakistan,Lord's,17 May 2001
,,,,,,
Pakistan,lost,won,2nd,England,Lord's,17 May 2001
,,,,,,
Pakistan,won,won,1st,England,Manchester,31 May 2001
,,,,,,
England,lost,lost,2nd,Pakistan,Manchester,31 May 2001
,,,,,,
India,won,lost,2nd,Zimbabwe,Bulawayo,7 Jun 2001
,,,,,,
Zimbabwe,lost,won,1st,India,Bulawayo,7 Jun 2001
,,,,,,
Zimbabwe,won,lost,2nd,India,Harare,15 Jun 2001
,,,,,,
India,lost,won,1st,Zimbabwe,Harare,15 Jun 2001
,,,,,,
Australia,won,won,2nd,England,Birmingham,5 Jul 2001
,,,,,,
England,lost,lost,1st,Australia,Birmingham,5 Jul 2001
,,,,,,
West Indies,won,lost,2nd,Zimbabwe,Bulawayo,19 Jul 2001
,,,,,,
Zimbabwe,lost,won,1st,West Indies,Bulawayo,19 Jul 2001
,,,,,,
Australia,won,won,2nd,England,Lord's,19 Jul 2001
,,,,,,
England,lost,lost,1st,Australia,Lord's,19 Jul 2001
,,,,,,
West Indies,draw,won,2nd,Zimbabwe,Harare,27 Jul 2001
,,,,,,
Zimbabwe,draw,lost,1st,West Indies,Harare,27 Jul 2001
,,,,,,
Australia,won,lost,2nd,England,Nottingham,2 Aug 2001
,,,,,,
England,lost,won,1st,Australia,Nottingham,2 Aug 2001
,,,,,,
Sri Lanka,won,won,2nd,India,Galle,14 Aug 2001
,,,,,,
India,lost,lost,1st,Sri Lanka,Galle,14 Aug 2001
,,,,,,
England,won,lost,2nd,Australia,Leeds,16 Aug 2001
,,,,,,
Australia,lost,won,1st,England,Leeds,16 Aug 2001
,,,,,,
India,won,won,2nd,Sri Lanka,Kandy,22 Aug 2001
,,,,,,
Sri Lanka,lost,lost,1st,India,Kandy,22 Aug 2001
,,,,,,
Australia,won,won,1st,England,The Oval,23 Aug 2001
,,,,,,
England,lost,lost,2nd,Australia,The Oval,23 Aug 2001
,,,,,,
Sri Lanka,won,lost,2nd,India,Colombo (SSC),29 Aug 2001
,,,,,,
India,lost,won,1st,Sri Lanka,Colombo (SSC),29 Aug 2001
,,,,,,
Pakistan,won,lost,2nd,Bangladesh,Multan,29 Aug 2001
,,,,,,
Bangladesh,lost,won,1st,Pakistan,Multan,29 Aug 2001
,,,,,,
Sri Lanka,won,won,2nd,Bangladesh,Colombo (SSC),6 Sep 2001
,,,,,,
Bangladesh,lost,lost,1st,Sri Lanka,Colombo (SSC),6 Sep 2001
,,,,,,
South Africa,won,won,1st,Zimbabwe,Harare,7 Sep 2001
,,,,,,
Zimbabwe,lost,lost,2nd,South Africa,Harare,7 Sep 2001
,,,,,,
South Africa,draw,lost,2nd,Zimbabwe,Bulawayo,14 Sep 2001
,,,,,,
Zimbabwe,draw,won,1st,South Africa,Bulawayo,14 Sep 2001
,,,,,,
South Africa,won,won,2nd,India,Bloemfontein,3 Nov 2001
,,,,,,
India,lost,lost,1st,South Africa,Bloemfontein,3 Nov 2001
,,,,,,
Australia,draw,lost,1st,New Zealand,Brisbane,8 Nov 2001
,,,,,,
New Zealand,draw,won,2nd,Australia,Brisbane,8 Nov 2001
,,,,,,
Bangladesh,draw,lost,1st,Zimbabwe,Dhaka,8 Nov 2001
,,,,,,
Zimbabwe,draw,won,2nd,Bangladesh,Dhaka,8 Nov 2001
,,,,,,
Sri Lanka,won,lost,2nd,West Indies,Galle,13 Nov 2001
,,,,,,
West Indies,lost,won,1st,Sri Lanka,Galle,13 Nov 2001
,,,,,,
Zimbabwe,won,lost,1st,Bangladesh,Chittagong,15 Nov 2001
,,,,,,
Bangladesh,lost,won,2nd,Zimbabwe,Chittagong,15 Nov 2001
,,,,,,
India,draw,won,2nd,South Africa,Port Elizabeth,16 Nov 2001
,,,,,,
South Africa,draw,lost,1st,India,Port Elizabeth,16 Nov 2001
,,,,,,
Sri Lanka,won,won,1st,West Indies,Kandy,21 Nov 2001
,,,,,,
West Indies,lost,lost,2nd,Sri Lanka,Kandy,21 Nov 2001
,,,,,,
Australia,draw,lost,1st,New Zealand,Hobart,22 Nov 2001
,,,,,,
New Zealand,draw,won,2nd,Australia,Hobart,22 Nov 2001
,,,,,,
Sri Lanka,won,lost,2nd,West Indies,Colombo (SSC),29 Nov 2001
,,,,,,
West Indies,lost,won,1st,Sri Lanka,Colombo (SSC),29 Nov 2001
,,,,,,
Australia,draw,lost,2nd,New Zealand,Perth,30 Nov 2001
,,,,,,
New Zealand,draw,won,1st,Australia,Perth,30 Nov 2001
,,,,,,
India,won,won,2nd,England,Mohali,3 Dec 2001
,,,,,,
England,lost,lost,1st,India,Mohali,3 Dec 2001
,,,,,,
England,draw,won,1st,India,Ahmedabad,11 Dec 2001
,,,,,,
India,draw,lost,2nd,England,Ahmedabad,11 Dec 2001
,,,,,,
Australia,won,won,1st,South Africa,Adelaide,14 Dec 2001
,,,,,,
South Africa,lost,lost,2nd,Australia,Adelaide,14 Dec 2001
,,,,,,
New Zealand,won,lost,1st,Bangladesh,Hamilton,18 Dec 2001
,,,,,,
Bangladesh,lost,won,2nd,New Zealand,Hamilton,18 Dec 2001
,,,,,,
England,draw,won,1st,India,Bengaluru,19 Dec 2001
,,,,,,
India,draw,lost,2nd,England,Bengaluru,19 Dec 2001
,,,,,,
New Zealand,won,won,2nd,Bangladesh,Wellington,26 Dec 2001
,,,,,,
Bangladesh,lost,lost,1st,New Zealand,Wellington,26 Dec 2001
,,,,,,
Australia,won,won,2nd,South Africa,Melbourne,26 Dec 2001
,,,,,,
South Africa,lost,lost,1st,Australia,Melbourne,26 Dec 2001
,,,,,,
Sri Lanka,won,lost,1st,Zimbabwe,Colombo (SSC),27 Dec 2001
,,,,,,
Zimbabwe,lost,won,2nd,Sri Lanka,Colombo (SSC),27 Dec 2001
,,,,,,
Australia,won,won,1st,South Africa,Sydney,2 Jan 2002
,,,,,,
South Africa,lost,lost,2nd,Australia,Sydney,2 Jan 2002
,,,,,,
Sri Lanka,won,lost,2nd,Zimbabwe,Kandy,4 Jan 2002
,,,,,,
Zimbabwe,lost,won,1st,Sri Lanka,Kandy,4 Jan 2002
,,,,,,
Pakistan,won,won,2nd,Bangladesh,Dhaka,9 Jan 2002
,,,,,,
Bangladesh,lost,lost,1st,Pakistan,Dhaka,9 Jan 2002
,,,,,,
Sri Lanka,won,won,1st,Zimbabwe,Galle,12 Jan 2002
,,,,,,
Zimbabwe,lost,lost,2nd,Sri Lanka,Galle,12 Jan 2002
,,,,,,
Pakistan,won,lost,2nd,Bangladesh,Chittagong,16 Jan 2002
,,,,,,
Bangladesh,lost,won,1st,Pakistan,Chittagong,16 Jan 2002
,,,,,,
Pakistan,won,won,1st,West Indies,Sharjah,31 Jan 2002
,,,,,,
West Indies,lost,lost,2nd,Pakistan,Sharjah,31 Jan 2002
,,,,,,
Pakistan,won,lost,1st,West Indies,Sharjah,7 Feb 2002
,,,,,,
West Indies,lost,won,2nd,Pakistan,Sharjah,7 Feb 2002
,,,,,,
India,won,lost,2nd,Zimbabwe,Nagpur,21 Feb 2002
,,,,,,
Zimbabwe,lost,won,1st,India,Nagpur,21 Feb 2002
,,,,,,
Australia,won,won,1st,South Africa,Johannesburg,22 Feb 2002
,,,,,,
South Africa,lost,lost,2nd,Australia,Johannesburg,22 Feb 2002
,,,,,,
India,won,lost,2nd,Zimbabwe,Delhi,28 Feb 2002
,,,,,,
Zimbabwe,lost,won,1st,India,Delhi,28 Feb 2002
,,,,,,
Sri Lanka,won,won,2nd,Pakistan,Lahore,6 Mar 2002
,,,,,,
Pakistan,lost,lost,1st,Sri Lanka,Lahore,6 Mar 2002
,,,,,,
Australia,won,lost,2nd,South Africa,Cape Town,8 Mar 2002
,,,,,,
South Africa,lost,won,1st,Australia,Cape Town,8 Mar 2002
,,,,,,
England,won,lost,1st,New Zealand,Christchurch,13 Mar 2002
,,,,,,
New Zealand,lost,won,2nd,England,Christchurch,13 Mar 2002
,,,,,,
South Africa,won,won,2nd,Australia,Durban,15 Mar 2002
,,,,,,
Australia,lost,lost,1st,South Africa,Durban,15 Mar 2002
,,,,,,
England,draw,lost,1st,New Zealand,Wellington,21 Mar 2002
,,,,,,
New Zealand,draw,won,2nd,England,Wellington,21 Mar 2002
,,,,,,
New Zealand,won,won,1st,England,Auckland,30 Mar 2002
,,,,,,
England,lost,lost,2nd,New Zealand,Auckland,30 Mar 2002
,,,,,,
India,draw,lost,2nd,West Indies,Georgetown,11 Apr 2002
,,,,,,
West Indies,draw,won,1st,India,Georgetown,11 Apr 2002
,,,,,,
India,won,lost,1st,West Indies,Port of Spain,19 Apr 2002
,,,,,,
West Indies,lost,won,2nd,India,Port of Spain,19 Apr 2002
,,,,,,
Pakistan,won,won,1st,New Zealand,Lahore,1 May 2002
,,,,,,
New Zealand,lost,lost,2nd,Pakistan,Lahore,1 May 2002
,,,,,,
West Indies,won,won,2nd,India,Bridgetown,2 May 2002
,,,,,,
India,lost,lost,1st,West Indies,Bridgetown,2 May 2002
,,,,,,
India,draw,lost,1st,West Indies,St John's,10 May 2002
,,,,,,
West Indies,draw,won,2nd,India,St John's,10 May 2002
,,,,,,
England,draw,lost,2nd,Sri Lanka,Lord's,16 May 2002
,,,,,,
Sri Lanka,draw,won,1st,England,Lord's,16 May 2002
,,,,,,
West Indies,won,lost,1st,India,Kingston,18 May 2002
,,,,,,
India,lost,won,2nd,West Indies,Kingston,18 May 2002
,,,,,,
England,won,won,2nd,Sri Lanka,Birmingham,30 May 2002
,,,,,,
Sri Lanka,lost,lost,1st,England,Birmingham,30 May 2002
,,,,,,
England,won,won,1st,Sri Lanka,Manchester,13 Jun 2002
,,,,,,
Sri Lanka,lost,lost,2nd,England,Manchester,13 Jun 2002
,,,,,,
New Zealand,won,lost,1st,West Indies,Bridgetown,21 Jun 2002
,,,,,,
West Indies,lost,won,2nd,New Zealand,Bridgetown,21 Jun 2002
,,,,,,
New Zealand,draw,lost,1st,West Indies,St George's,28 Jun 2002
,,,,,,
West Indies,draw,won,2nd,New Zealand,St George's,28 Jun 2002
,,,,,,
Sri Lanka,won,won,2nd,Bangladesh,Colombo (PSS),21 Jul 2002
,,,,,,
Bangladesh,lost,lost,1st,Sri Lanka,Colombo (PSS),21 Jul 2002
,,,,,,
England,won,won,1st,India,Lord's,25 Jul 2002
,,,,,,
India,lost,lost,2nd,England,Lord's,25 Jul 2002
,,,,,,
Sri Lanka,won,lost,1st,Bangladesh,Colombo (SSC),28 Jul 2002
,,,,,,
Bangladesh,lost,won,2nd,Sri Lanka,Colombo (SSC),28 Jul 2002
,,,,,,
England,draw,lost,2nd,India,Nottingham,8 Aug 2002
,,,,,,
India,draw,won,1st,England,Nottingham,8 Aug 2002
,,,,,,
India,won,won,1st,England,Leeds,22 Aug 2002
,,,,,,
England,lost,lost,2nd,India,Leeds,22 Aug 2002
,,,,,,
England,draw,won,1st,India,The Oval,5 Sep 2002
,,,,,,
India,draw,lost,2nd,England,The Oval,5 Sep 2002
,,,,,,
Australia,won,won,1st,Pakistan,Colombo (PSS),3 Oct 2002
,,,,,,
Pakistan,lost,lost,2nd,Australia,Colombo (PSS),3 Oct 2002
,,,,,,
India,won,won,1st,West Indies,Mumbai,9 Oct 2002
,,,,,,
West Indies,lost,lost,2nd,India,Mumbai,9 Oct 2002
,,,,,,
Australia,won,lost,2nd,Pakistan,Sharjah,11 Oct 2002
,,,,,,
Pakistan,lost,won,1st,Australia,Sharjah,11 Oct 2002
,,,,,,
India,won,lost,2nd,West Indies,Chennai,17 Oct 2002
,,,,,,
West Indies,lost,won,1st,India,Chennai,17 Oct 2002
,,,,,,
South Africa,won,lost,1st,Bangladesh,East London,18 Oct 2002
,,,,,,
Bangladesh,lost,won,2nd,South Africa,East London,18 Oct 2002
,,,,,,
Australia,won,won,1st,Pakistan,Sharjah,19 Oct 2002
,,,,,,
Pakistan,lost,lost,2nd,Australia,Sharjah,19 Oct 2002
,,,,,,
South Africa,won,lost,2nd,Bangladesh,Potchefstroom,25 Oct 2002
,,,,,,
Bangladesh,lost,won,1st,South Africa,Potchefstroom,25 Oct 2002
,,,,,,
India,draw,won,1st,West Indies,Kolkata,30 Oct 2002
,,,,,,
West Indies,draw,lost,2nd,India,Kolkata,30 Oct 2002
,,,,,,
Australia,won,lost,1st,England,Brisbane,7 Nov 2002
,,,,,,
England,lost,won,2nd,Australia,Brisbane,7 Nov 2002
,,,,,,
South Africa,won,lost,2nd,Sri Lanka,Johannesburg,8 Nov 2002
,,,,,,
Sri Lanka,lost,won,1st,South Africa,Johannesburg,8 Nov 2002
,,,,,,
Pakistan,won,lost,1st,Zimbabwe,Harare,9 Nov 2002
,,,,,,
Zimbabwe,lost,won,2nd,Pakistan,Harare,9 Nov 2002
,,,,,,
South Africa,won,won,2nd,Sri Lanka,Centurion,15 Nov 2002
,,,,,,
Sri Lanka,lost,lost,1st,South Africa,Centurion,15 Nov 2002
,,,,,,
Pakistan,won,lost,2nd,Zimbabwe,Bulawayo,16 Nov 2002
,,,,,,
Zimbabwe,lost,won,1st,Pakistan,Bulawayo,16 Nov 2002
,,,,,,
Australia,won,lost,2nd,England,Adelaide,21 Nov 2002
,,,,,,
England,lost,won,1st,Australia,Adelaide,21 Nov 2002
,,,,,,
Australia,won,lost,2nd,England,Perth,29 Nov 2002
,,,,,,
England,lost,won,1st,Australia,Perth,29 Nov 2002
,,,,,,
West Indies,won,won,2nd,Bangladesh,Dhaka,8 Dec 2002
,,,,,,
Bangladesh,lost,lost,1st,West Indies,Dhaka,8 Dec 2002
,,,,,,
New Zealand,won,won,2nd,India,Wellington,12 Dec 2002
,,,,,,
India,lost,lost,1st,New Zealand,Wellington,12 Dec 2002
,,,,,,
West Indies,won,lost,2nd,Bangladesh,Chittagong,16 Dec 2002
,,,,,,
Bangladesh,lost,won,1st,West Indies,Chittagong,16 Dec 2002
,,,,,,
New Zealand,won,won,2nd,India,Hamilton,19 Dec 2002
,,,,,,
India,lost,lost,1st,New Zealand,Hamilton,19 Dec 2002
,,,,,,
Australia,won,won,1st,England,Melbourne,26 Dec 2002
,,,,,,
England,lost,lost,2nd,Australia,Melbourne,26 Dec 2002
,,,,,,
South Africa,won,lost,1st,Pakistan,Durban,26 Dec 2002
,,,,,,
Pakistan,lost,won,2nd,South Africa,Durban,26 Dec 2002
,,,,,,
England,won,won,1st,Australia,Sydney,2 Jan 2003
,,,,,,
Australia,lost,lost,2nd,England,Sydney,2 Jan 2003
,,,,,,
South Africa,won,won,1st,Pakistan,Cape Town,2 Jan 2003
,,,,,,
Pakistan,lost,lost,2nd,South Africa,Cape Town,2 Jan 2003
,,,,,,
Australia,won,lost,2nd,West Indies,Georgetown,10 Apr 2003
,,,,,,
West Indies,lost,won,1st,Australia,Georgetown,10 Apr 2003
,,,,,,
Australia,won,won,1st,West Indies,Port of Spain,19 Apr 2003
,,,,,,
West Indies,lost,lost,2nd,Australia,Port of Spain,19 Apr 2003
,,,,,,
South Africa,won,lost,2nd,Bangladesh,Chittagong,24 Apr 2003
,,,,,,
Bangladesh,lost,won,1st,South Africa,Chittagong,24 Apr 2003
,,,,,,
New Zealand,draw,won,1st,Sri Lanka,Colombo (PSS),25 Apr 2003
,,,,,,
Sri Lanka,draw,lost,2nd,New Zealand,Colombo (PSS),25 Apr 2003
,,,,,,
South Africa,won,won,1st,Bangladesh,Dhaka,1 May 2003
,,,,,,
Bangladesh,lost,lost,2nd,South Africa,Dhaka,1 May 2003
,,,,,,
Australia,won,lost,1st,West Indies,Bridgetown,1 May 2003
,,,,,,
West Indies,lost,won,2nd,Australia,Bridgetown,1 May 2003
,,,,,,
New Zealand,draw,won,1st,Sri Lanka,Kandy,3 May 2003
,,,,,,
Sri Lanka,draw,lost,2nd,New Zealand,Kandy,3 May 2003
,,,,,,
West Indies,won,lost,2nd,Australia,St John's,9 May 2003
,,,,,,
Australia,lost,won,1st,West Indies,St John's,9 May 2003
,,,,,,
England,won,lost,1st,Zimbabwe,Lord's,22 May 2003
,,,,,,
Zimbabwe,lost,won,2nd,England,Lord's,22 May 2003
,,,,,,
England,won,won,1st,Zimbabwe,Chester-le-Street,5 Jun 2003
,,,,,,
Zimbabwe,lost,lost,2nd,England,Chester-le-Street,5 Jun 2003
,,,,,,
Sri Lanka,draw,won,1st,West Indies,Gros Islet,20 Jun 2003
,,,,,,
West Indies,draw,lost,2nd,Sri Lanka,Gros Islet,20 Jun 2003
,,,,,,
West Indies,won,won,2nd,Sri Lanka,Kingston,27 Jun 2003
,,,,,,
Sri Lanka,lost,lost,1st,West Indies,Kingston,27 Jun 2003
,,,,,,
Australia,won,won,2nd,Bangladesh,Darwin,18 Jul 2003
,,,,,,
Bangladesh,lost,lost,1st,Australia,Darwin,18 Jul 2003
,,,,,,
England,draw,lost,2nd,South Africa,Birmingham,24 Jul 2003
,,,,,,
South Africa,draw,won,1st,England,Birmingham,24 Jul 2003
,,,,,,
Australia,won,won,2nd,Bangladesh,Cairns,25 Jul 2003
,,,,,,
Bangladesh,lost,lost,1st,Australia,Cairns,25 Jul 2003
,,,,,,
South Africa,won,won,2nd,England,Lord's,31 Jul 2003
,,,,,,
England,lost,lost,1st,South Africa,Lord's,31 Jul 2003
,,,,,,
England,won,won,1st,South Africa,Nottingham,14 Aug 2003
,,,,,,
South Africa,lost,lost,2nd,England,Nottingham,14 Aug 2003
,,,,,,
Pakistan,won,won,2nd,Bangladesh,Karachi,20 Aug 2003
,,,,,,
Bangladesh,lost,lost,1st,Pakistan,Karachi,20 Aug 2003
,,,,,,
South Africa,won,won,1st,England,Leeds,21 Aug 2003
,,,,,,
England,lost,lost,2nd,South Africa,Leeds,21 Aug 2003
,,,,,,
Pakistan,won,lost,2nd,Bangladesh,Peshawar,27 Aug 2003
,,,,,,
Bangladesh,lost,won,1st,Pakistan,Peshawar,27 Aug 2003
,,,,,,
Pakistan,won,lost,2nd,Bangladesh,Multan,3 Sep 2003
,,,,,,
Bangladesh,lost,won,1st,Pakistan,Multan,3 Sep 2003
,,,,,,
England,won,lost,2nd,South Africa,The Oval,4 Sep 2003
,,,,,,
South Africa,lost,won,1st,England,The Oval,4 Sep 2003
,,,,,,
India,draw,won,1st,New Zealand,Ahmedabad,8 Oct 2003
,,,,,,
New Zealand,draw,lost,2nd,India,Ahmedabad,8 Oct 2003
,,,,,,
Australia,won,lost,1st,Zimbabwe,Perth,9 Oct 2003
,,,,,,
Zimbabwe,lost,won,2nd,Australia,Perth,9 Oct 2003
,,,,,,
India,draw,lost,2nd,New Zealand,Mohali,16 Oct 2003
,,,,,,
New Zealand,draw,won,1st,India,Mohali,16 Oct 2003
,,,,,,
Australia,won,lost,2nd,Zimbabwe,Sydney,17 Oct 2003
,,,,,,
Zimbabwe,lost,won,1st,Australia,Sydney,17 Oct 2003
,,,,,,
Pakistan,won,lost,2nd,South Africa,Lahore,17 Oct 2003
,,,,,,
South Africa,lost,won,1st,Pakistan,Lahore,17 Oct 2003
,,,,,,
England,won,lost,2nd,Bangladesh,Dhaka,21 Oct 2003
,,,,,,
Bangladesh,lost,won,1st,England,Dhaka,21 Oct 2003
,,,,,,
Pakistan,draw,lost,2nd,South Africa,Faisalabad,24 Oct 2003
,,,,,,
South Africa,draw,won,1st,Pakistan,Faisalabad,24 Oct 2003
,,,,,,
England,won,lost,1st,Bangladesh,Chittagong,29 Oct 2003
,,,,,,
Bangladesh,lost,won,2nd,England,Chittagong,29 Oct 2003
,,,,,,
West Indies,draw,lost,2nd,Zimbabwe,Harare,4 Nov 2003
,,,,,,
Zimbabwe,draw,won,1st,West Indies,Harare,4 Nov 2003
,,,,,,
West Indies,won,won,1st,Zimbabwe,Bulawayo,12 Nov 2003
,,,,,,
Zimbabwe,lost,lost,2nd,West Indies,Bulawayo,12 Nov 2003
,,,,,,
England,draw,lost,2nd,Sri Lanka,Galle,2 Dec 2003
,,,,,,
Sri Lanka,draw,won,1st,England,Galle,2 Dec 2003
,,,,,,
Australia,draw,lost,1st,India,Brisbane,4 Dec 2003
,,,,,,
India,draw,won,2nd,Australia,Brisbane,4 Dec 2003
,,,,,,
England,draw,lost,2nd,Sri Lanka,Kandy,10 Dec 2003
,,,,,,
Sri Lanka,draw,won,1st,England,Kandy,10 Dec 2003
,,,,,,
India,won,lost,2nd,Australia,Adelaide,12 Dec 2003
,,,,,,
Australia,lost,won,1st,India,Adelaide,12 Dec 2003
,,,,,,
South Africa,won,won,1st,West Indies,Johannesburg,12 Dec 2003
,,,,,,
West Indies,lost,lost,2nd,South Africa,Johannesburg,12 Dec 2003
,,,,,,
Sri Lanka,won,lost,2nd,England,Colombo (SSC),18 Dec 2003
,,,,,,
England,lost,won,1st,Sri Lanka,Colombo (SSC),18 Dec 2003
,,,,,,
New Zealand,draw,lost,1st,Pakistan,Hamilton,19 Dec 2003
,,,,,,
Pakistan,draw,won,2nd,New Zealand,Hamilton,19 Dec 2003
,,,,,,
Pakistan,won,lost,2nd,New Zealand,Wellington,26 Dec 2003
,,,,,,
New Zealand,lost,won,1st,Pakistan,Wellington,26 Dec 2003
,,,,,,
Australia,won,lost,2nd,India,Melbourne,26 Dec 2003
,,,,,,
India,lost,won,1st,Australia,Melbourne,26 Dec 2003
,,,,,,
South Africa,won,won,2nd,West Indies,Durban,26 Dec 2003
,,,,,,
West Indies,lost,lost,1st,South Africa,Durban,26 Dec 2003
,,,,,,
Australia,draw,lost,2nd,India,Sydney,2 Jan 2004
,,,,,,
India,draw,won,1st,Australia,Sydney,2 Jan 2004
,,,,,,
South Africa,draw,won,1st,West Indies,Cape Town,2 Jan 2004
,,,,,,
West Indies,draw,lost,2nd,South Africa,Cape Town,2 Jan 2004
,,,,,,
South Africa,won,lost,1st,West Indies,Centurion,16 Jan 2004
,,,,,,
West Indies,lost,won,2nd,South Africa,Centurion,16 Jan 2004
,,,,,,
Zimbabwe,won,won,1st,Bangladesh,Harare,19 Feb 2004
,,,,,,
Bangladesh,lost,lost,2nd,Zimbabwe,Harare,19 Feb 2004
,,,,,,
Bangladesh,draw,lost,1st,Zimbabwe,Bulawayo,26 Feb 2004
,,,,,,
Zimbabwe,draw,won,2nd,Bangladesh,Bulawayo,26 Feb 2004
,,,,,,
Australia,won,won,1st,Sri Lanka,Galle,8 Mar 2004
,,,,,,
Sri Lanka,lost,lost,2nd,Australia,Galle,8 Mar 2004
,,,,,,
New Zealand,draw,lost,2nd,South Africa,Hamilton,10 Mar 2004
,,,,,,
South Africa,draw,won,1st,New Zealand,Hamilton,10 Mar 2004
,,,,,,
England,won,lost,2nd,West Indies,Kingston,11 Mar 2004
,,,,,,
West Indies,lost,won,1st,England,Kingston,11 Mar 2004
,,,,,,
Australia,won,won,1st,Sri Lanka,Kandy,16 Mar 2004
,,,,,,
Sri Lanka,lost,lost,2nd,Australia,Kandy,16 Mar 2004
,,,,,,
New Zealand,won,won,2nd,South Africa,Auckland,18 Mar 2004
,,,,,,
South Africa,lost,lost,1st,New Zealand,Auckland,18 Mar 2004
,,,,,,
England,won,lost,2nd,West Indies,Port of Spain,19 Mar 2004
,,,,,,
West Indies,lost,won,1st,England,Port of Spain,19 Mar 2004
,,,,,,
Australia,won,won,1st,Sri Lanka,Colombo (SSC),24 Mar 2004
,,,,,,
Sri Lanka,lost,lost,2nd,Australia,Colombo (SSC),24 Mar 2004
,,,,,,
South Africa,won,won,2nd,New Zealand,Wellington,26 Mar 2004
,,,,,,
New Zealand,lost,lost,1st,South Africa,Wellington,26 Mar 2004
,,,,,,
India,won,won,1st,Pakistan,Multan,28 Mar 2004
,,,,,,
Pakistan,lost,lost,2nd,India,Multan,28 Mar 2004
,,,,,,
England,won,won,2nd,West Indies,Bridgetown,1 Apr 2004
,,,,,,
West Indies,lost,lost,1st,England,Bridgetown,1 Apr 2004
,,,,,,
Pakistan,won,lost,2nd,India,Lahore,5 Apr 2004
,,,,,,
India,lost,won,1st,Pakistan,Lahore,5 Apr 2004
,,,,,,
England,draw,lost,2nd,West Indies,St John's,10 Apr 2004
,,,,,,
West Indies,draw,won,1st,England,St John's,10 Apr 2004
,,,,,,
India,won,won,2nd,Pakistan,Rawalpindi,13 Apr 2004
,,,,,,
Pakistan,lost,lost,1st,India,Rawalpindi,13 Apr 2004
,,,,,,
Sri Lanka,won,won,2nd,Zimbabwe,Harare,6 May 2004
,,,,,,
Zimbabwe,lost,lost,1st,Sri Lanka,Harare,6 May 2004
,,,,,,
Sri Lanka,won,won,2nd,Zimbabwe,Bulawayo,14 May 2004
,,,,,,
Zimbabwe,lost,lost,1st,Sri Lanka,Bulawayo,14 May 2004
,,,,,,
England,won,lost,2nd,New Zealand,Lord's,20 May 2004
,,,,,,
New Zealand,lost,won,1st,England,Lord's,20 May 2004
,,,,,,
Bangladesh,draw,won,1st,West Indies,Gros Islet,28 May 2004
,,,,,,
West Indies,draw,lost,2nd,Bangladesh,Gros Islet,28 May 2004
,,,,,,
England,won,won,2nd,New Zealand,Leeds,3 Jun 2004
,,,,,,
New Zealand,lost,lost,1st,England,Leeds,3 Jun 2004
,,,,,,
West Indies,won,lost,2nd,Bangladesh,Kingston,4 Jun 2004
,,,,,,
Bangladesh,lost,won,1st,West Indies,Kingston,4 Jun 2004
,,,,,,
England,won,lost,2nd,New Zealand,Nottingham,10 Jun 2004
,,,,,,
New Zealand,lost,won,1st,England,Nottingham,10 Jun 2004
,,,,,,
Australia,won,lost,1st,Sri Lanka,Darwin,1 Jul 2004
,,,,,,
Sri Lanka,lost,won,2nd,Australia,Darwin,1 Jul 2004
,,,,,,
Australia,draw,lost,1st,Sri Lanka,Cairns,9 Jul 2004
,,,,,,
Sri Lanka,draw,won,2nd,Australia,Cairns,9 Jul 2004
,,,,,,
England,won,lost,1st,West Indies,Lord's,22 Jul 2004
,,,,,,
West Indies,lost,won,2nd,England,Lord's,22 Jul 2004
,,,,,,
England,won,won,1st,West Indies,Birmingham,29 Jul 2004
,,,,,,
West Indies,lost,lost,2nd,England,Birmingham,29 Jul 2004
,,,,,,
South Africa,draw,lost,2nd,Sri Lanka,Galle,4 Aug 2004
,,,,,,
Sri Lanka,draw,won,1st,South Africa,Galle,4 Aug 2004
,,,,,,
Sri Lanka,won,won,1st,South Africa,Colombo (SSC),11 Aug 2004
,,,,,,
South Africa,lost,lost,2nd,Sri Lanka,Colombo (SSC),11 Aug 2004
,,,,,,
England,won,lost,2nd,West Indies,Manchester,12 Aug 2004
,,,,,,
West Indies,lost,won,1st,England,Manchester,12 Aug 2004
,,,,,,
England,won,won,1st,West Indies,The Oval,19 Aug 2004
,,,,,,
West Indies,lost,lost,2nd,England,The Oval,19 Aug 2004
,,,,,,
Australia,won,won,1st,India,Bengaluru,6 Oct 2004
,,,,,,
India,lost,lost,2nd,Australia,Bengaluru,6 Oct 2004
,,,,,,
Australia,draw,won,1st,India,Chennai,14 Oct 2004
,,,,,,
India,draw,lost,2nd,Australia,Chennai,14 Oct 2004
,,,,,,
New Zealand,won,lost,2nd,Bangladesh,Dhaka,19 Oct 2004
,,,,,,
Bangladesh,lost,won,1st,New Zealand,Dhaka,19 Oct 2004
,,,,,,
Sri Lanka,won,won,1st,Pakistan,Faisalabad,20 Oct 2004
,,,,,,
Pakistan,lost,lost,2nd,Sri Lanka,Faisalabad,20 Oct 2004
,,,,,,
New Zealand,won,won,1st,Bangladesh,Chittagong,26 Oct 2004
,,,,,,
Bangladesh,lost,lost,2nd,New Zealand,Chittagong,26 Oct 2004
,,,,,,
Australia,won,won,1st,India,Nagpur,26 Oct 2004
,,,,,,
India,lost,lost,2nd,Australia,Nagpur,26 Oct 2004
,,,,,,
Pakistan,won,won,2nd,Sri Lanka,Karachi,28 Oct 2004
,,,,,,
Sri Lanka,lost,lost,1st,Pakistan,Karachi,28 Oct 2004
,,,,,,
India,won,won,1st,Australia,Mumbai,3 Nov 2004
,,,,,,
Australia,lost,lost,2nd,India,Mumbai,3 Nov 2004
,,,,,,
Australia,won,lost,2nd,New Zealand,Brisbane,18 Nov 2004
,,,,,,
New Zealand,lost,won,1st,Australia,Brisbane,18 Nov 2004
,,,,,,
India,draw,lost,2nd,South Africa,Kanpur,20 Nov 2004
,,,,,,
South Africa,draw,won,1st,India,Kanpur,20 Nov 2004
,,,,,,
Australia,won,won,1st,New Zealand,Adelaide,26 Nov 2004
,,,,,,
New Zealand,lost,lost,2nd,Australia,Adelaide,26 Nov 2004
,,,,,,
India,won,lost,2nd,South Africa,Kolkata,28 Nov 2004
,,,,,,
South Africa,lost,won,1st,India,Kolkata,28 Nov 2004
,,,,,,
India,won,won,2nd,Bangladesh,Dhaka,10 Dec 2004
,,,,,,
Bangladesh,lost,lost,1st,India,Dhaka,10 Dec 2004
,,,,,,
Australia,won,lost,1st,Pakistan,Perth,16 Dec 2004
,,,,,,
Pakistan,lost,won,2nd,Australia,Perth,16 Dec 2004
,,,,,,
India,won,won,1st,Bangladesh,Chittagong,17 Dec 2004
,,,,,,
Bangladesh,lost,lost,2nd,India,Chittagong,17 Dec 2004
,,,,,,
England,won,lost,2nd,South Africa,Port Elizabeth,17 Dec 2004
,,,,,,
South Africa,lost,won,1st,England,Port Elizabeth,17 Dec 2004
,,,,,,
Australia,won,lost,2nd,Pakistan,Melbourne,26 Dec 2004
,,,,,,
Pakistan,lost,won,1st,Australia,Melbourne,26 Dec 2004
,,,,,,
England,draw,lost,1st,South Africa,Durban,26 Dec 2004
,,,,,,
South Africa,draw,won,2nd,England,Durban,26 Dec 2004
,,,,,,
Australia,won,lost,2nd,Pakistan,Sydney,2 Jan 2005
,,,,,,
Pakistan,lost,won,1st,Australia,Sydney,2 Jan 2005
,,,,,,
South Africa,won,won,1st,England,Cape Town,2 Jan 2005
,,,,,,
England,lost,lost,2nd,South Africa,Cape Town,2 Jan 2005
,,,,,,
Bangladesh,won,won,1st,Zimbabwe,Chittagong,6 Jan 2005
,,,,,,
Zimbabwe,lost,lost,2nd,Bangladesh,Chittagong,6 Jan 2005
,,,,,,
England,won,won,1st,South Africa,Johannesburg,13 Jan 2005
,,,,,,
South Africa,lost,lost,2nd,England,Johannesburg,13 Jan 2005
,,,,,,
Bangladesh,draw,lost,2nd,Zimbabwe,Dhaka,14 Jan 2005
,,,,,,
Zimbabwe,draw,won,1st,Bangladesh,Dhaka,14 Jan 2005
,,,,,,
England,draw,won,2nd,South Africa,Centurion,21 Jan 2005
,,,,,,
South Africa,draw,lost,1st,England,Centurion,21 Jan 2005
,,,,,,
South Africa,won,lost,2nd,Zimbabwe,Cape Town,4 Mar 2005
,,,,,,
Zimbabwe,lost,won,1st,South Africa,Cape Town,4 Mar 2005
,,,,,,
India,draw,won,2nd,Pakistan,Mohali,8 Mar 2005
,,,,,,
Pakistan,draw,lost,1st,India,Mohali,8 Mar 2005
,,,,,,
Australia,won,won,2nd,New Zealand,Christchurch,10 Mar 2005
,,,,,,
New Zealand,lost,lost,1st,Australia,Christchurch,10 Mar 2005
,,,,,,
South Africa,won,won,2nd,Zimbabwe,Centurion,11 Mar 2005
,,,,,,
Zimbabwe,lost,lost,1st,South Africa,Centurion,11 Mar 2005
,,,,,,
India,won,won,1st,Pakistan,Kolkata,16 Mar 2005
,,,,,,
Pakistan,lost,lost,2nd,India,Kolkata,16 Mar 2005
,,,,,,
Australia,draw,lost,1st,New Zealand,Wellington,18 Mar 2005
,,,,,,
New Zealand,draw,won,2nd,Australia,Wellington,18 Mar 2005
,,,,,,
Pakistan,won,won,1st,India,Bengaluru,24 Mar 2005
,,,,,,
India,lost,lost,2nd,Pakistan,Bengaluru,24 Mar 2005
,,,,,,
Australia,won,lost,2nd,New Zealand,Auckland,26 Mar 2005
,,,,,,
New Zealand,lost,won,1st,Australia,Auckland,26 Mar 2005
,,,,,,
South Africa,draw,lost,2nd,West Indies,Georgetown,31 Mar 2005
,,,,,,
West Indies,draw,won,1st,South Africa,Georgetown,31 Mar 2005
,,,,,,
New Zealand,draw,won,1st,Sri Lanka,Napier,4 Apr 2005
,,,,,,
Sri Lanka,draw,lost,2nd,New Zealand,Napier,4 Apr 2005
,,,,,,
South Africa,won,lost,2nd,West Indies,Port of Spain,8 Apr 2005
,,,,,,
West Indies,lost,won,1st,South Africa,Port of Spain,8 Apr 2005
,,,,,,
New Zealand,won,won,2nd,Sri Lanka,Wellington,11 Apr 2005
,,,,,,
Sri Lanka,lost,lost,1st,New Zealand,Wellington,11 Apr 2005
,,,,,,
South Africa,won,lost,2nd,West Indies,Bridgetown,21 Apr 2005
,,,,,,
West Indies,lost,won,1st,South Africa,Bridgetown,21 Apr 2005
,,,,,,
South Africa,draw,won,1st,West Indies,St John's,29 Apr 2005
,,,,,,
West Indies,draw,lost,2nd,South Africa,St John's,29 Apr 2005
,,,,,,
England,won,won,2nd,Bangladesh,Lord's,26 May 2005
,,,,,,
Bangladesh,lost,lost,1st,England,Lord's,26 May 2005
,,,,,,
West Indies,won,won,1st,Pakistan,Bridgetown,26 May 2005
,,,,,,
Pakistan,lost,lost,2nd,West Indies,Bridgetown,26 May 2005
,,,,,,
England,won,won,2nd,Bangladesh,Chester-le-Street,3 Jun 2005
,,,,,,
Bangladesh,lost,lost,1st,England,Chester-le-Street,3 Jun 2005
,,,,,,
Pakistan,won,won,1st,West Indies,Kingston,3 Jun 2005
,,,,,,
West Indies,lost,lost,2nd,Pakistan,Kingston,3 Jun 2005
,,,,,,
Sri Lanka,won,lost,2nd,West Indies,Colombo (SSC),13 Jul 2005
,,,,,,
West Indies,lost,won,1st,Sri Lanka,Colombo (SSC),13 Jul 2005
,,,,,,
Australia,won,won,1st,England,Lord's,21 Jul 2005
,,,,,,
England,lost,lost,2nd,Australia,Lord's,21 Jul 2005
,,,,,,
Sri Lanka,won,lost,1st,West Indies,Kandy,22 Jul 2005
,,,,,,
West Indies,lost,won,2nd,Sri Lanka,Kandy,22 Jul 2005
,,,,,,
England,won,lost,1st,Australia,Birmingham,4 Aug 2005
,,,,,,
Australia,lost,won,2nd,England,Birmingham,4 Aug 2005
,,,,,,
New Zealand,won,lost,1st,Zimbabwe,Harare,7 Aug 2005
,,,,,,
Zimbabwe,lost,won,2nd,New Zealand,Harare,7 Aug 2005
,,,,,,
Australia,draw,lost,2nd,England,Manchester,11 Aug 2005
,,,,,,
England,draw,won,1st,Australia,Manchester,11 Aug 2005
,,,,,,
New Zealand,won,lost,2nd,Zimbabwe,Bulawayo,15 Aug 2005
,,,,,,
Zimbabwe,lost,won,1st,New Zealand,Bulawayo,15 Aug 2005
,,,,,,
England,won,won,1st,Australia,Nottingham,25 Aug 2005
,,,,,,
Australia,lost,lost,2nd,England,Nottingham,25 Aug 2005
,,,,,,
Australia,draw,lost,2nd,England,The Oval,8 Sep 2005
,,,,,,
England,draw,won,1st,Australia,The Oval,8 Sep 2005
,,,,,,
Sri Lanka,won,won,2nd,Bangladesh,Colombo (RPS),12 Sep 2005
,,,,,,
Bangladesh,lost,lost,1st,Sri Lanka,Colombo (RPS),12 Sep 2005
,,,,,,
India,won,lost,2nd,Zimbabwe,Bulawayo,13 Sep 2005
,,,,,,
Zimbabwe,lost,won,1st,India,Bulawayo,13 Sep 2005
,,,,,,
Sri Lanka,won,won,1st,Bangladesh,Colombo (PSS),20 Sep 2005
,,,,,,
Bangladesh,lost,lost,2nd,Sri Lanka,Colombo (PSS),20 Sep 2005
,,,,,,
India,won,won,2nd,Zimbabwe,Harare,20 Sep 2005
,,,,,,
Zimbabwe,lost,lost,1st,India,Harare,20 Sep 2005
,,,,,,
Australia,won,won,1st,ICC World XI,Sydney,14 Oct 2005
,,,,,,
ICC World XI,lost,lost,2nd,Australia,Sydney,14 Oct 2005
,,,,,,
Australia,won,lost,1st,West Indies,Brisbane,3 Nov 2005
,,,,,,
West Indies,lost,won,2nd,Australia,Brisbane,3 Nov 2005
,,,,,,
Pakistan,won,won,1st,England,Multan,12 Nov 2005
,,,,,,
England,lost,lost,2nd,Pakistan,Multan,12 Nov 2005
,,,,,,
Australia,won,lost,2nd,West Indies,Hobart,17 Nov 2005
,,,,,,
West Indies,lost,won,1st,Australia,Hobart,17 Nov 2005
,,,,,,
England,draw,lost,2nd,Pakistan,Faisalabad,20 Nov 2005
,,,,,,
Pakistan,draw,won,1st,England,Faisalabad,20 Nov 2005
,,,,,,
Australia,won,lost,2nd,West Indies,Adelaide,25 Nov 2005
,,,,,,
West Indies,lost,won,1st,Australia,Adelaide,25 Nov 2005
,,,,,,
Pakistan,won,lost,2nd,England,Lahore,29 Nov 2005
,,,,,,
England,lost,won,1st,Pakistan,Lahore,29 Nov 2005
,,,,,,
India,draw,won,1st,Sri Lanka,Chennai,2 Dec 2005
,,,,,,
Sri Lanka,draw,lost,2nd,India,Chennai,2 Dec 2005
,,,,,,
India,won,won,1st,Sri Lanka,Delhi,10 Dec 2005
,,,,,,
Sri Lanka,lost,lost,2nd,India,Delhi,10 Dec 2005
,,,,,,
Australia,draw,won,1st,South Africa,Perth,16 Dec 2005
,,,,,,
South Africa,draw,lost,2nd,Australia,Perth,16 Dec 2005
,,,,,,
India,won,won,1st,Sri Lanka,Ahmedabad,18 Dec 2005
,,,,,,
Sri Lanka,lost,lost,2nd,India,Ahmedabad,18 Dec 2005
,,,,,,
Australia,won,won,1st,South Africa,Melbourne,26 Dec 2005
,,,,,,
South Africa,lost,lost,2nd,Australia,Melbourne,26 Dec 2005
,,,,,,
Australia,won,lost,2nd,South Africa,Sydney,2 Jan 2006
,,,,,,
South Africa,lost,won,1st,Australia,Sydney,2 Jan 2006
,,,,,,
India,draw,lost,2nd,Pakistan,Lahore,13 Jan 2006
,,,,,,
Pakistan,draw,won,1st,India,Lahore,13 Jan 2006
,,,,,,
India,draw,lost,2nd,Pakistan,Faisalabad,21 Jan 2006
,,,,,,
Pakistan,draw,won,1st,India,Faisalabad,21 Jan 2006
,,,,,,
Pakistan,won,lost,1st,India,Karachi,29 Jan 2006
,,,,,,
India,lost,won,2nd,Pakistan,Karachi,29 Jan 2006
,,,,,,
Sri Lanka,won,lost,2nd,Bangladesh,Chittagong,28 Feb 2006
,,,,,,
Bangladesh,lost,won,1st,Sri Lanka,Chittagong,28 Feb 2006
,,,,,,
England,draw,won,1st,India,Nagpur,1 Mar 2006
,,,,,,
India,draw,lost,2nd,England,Nagpur,1 Mar 2006
,,,,,,
Sri Lanka,won,lost,2nd,Bangladesh,Bogra,8 Mar 2006
,,,,,,
Bangladesh,lost,won,1st,Sri Lanka,Bogra,8 Mar 2006
,,,,,,
New Zealand,won,lost,1st,West Indies,Auckland,9 Mar 2006
,,,,,,
West Indies,lost,won,2nd,New Zealand,Auckland,9 Mar 2006
,,,,,,
India,won,lost,2nd,England,Mohali,9 Mar 2006
,,,,,,
England,lost,won,1st,India,Mohali,9 Mar 2006
,,,,,,
Australia,won,lost,2nd,South Africa,Cape Town,16 Mar 2006
,,,,,,
South Africa,lost,won,1st,Australia,Cape Town,16 Mar 2006
,,,,,,
New Zealand,won,lost,2nd,West Indies,Wellington,17 Mar 2006
,,,,,,
West Indies,lost,won,1st,New Zealand,Wellington,17 Mar 2006
,,,,,,
England,won,lost,1st,India,Mumbai,18 Mar 2006
,,,,,,
India,lost,won,2nd,England,Mumbai,18 Mar 2006
,,,,,,
Australia,won,won,1st,South Africa,Durban,24 Mar 2006
,,,,,,
South Africa,lost,lost,2nd,Australia,Durban,24 Mar 2006
,,,,,,
New Zealand,draw,won,2nd,West Indies,Napier,25 Mar 2006
,,,,,,
West Indies,draw,lost,1st,New Zealand,Napier,25 Mar 2006
,,,,,,
Pakistan,draw,won,2nd,Sri Lanka,Colombo (SSC),26 Mar 2006
,,,,,,
Sri Lanka,draw,lost,1st,Pakistan,Colombo (SSC),26 Mar 2006
,,,,,,
Australia,won,lost,2nd,South Africa,Johannesburg,31 Mar 2006
,,,,,,
South Africa,lost,won,1st,Australia,Johannesburg,31 Mar 2006
,,,,,,
Pakistan,won,won,2nd,Sri Lanka,Kandy,3 Apr 2006
,,,,,,
Sri Lanka,lost,lost,1st,Pakistan,Kandy,3 Apr 2006
,,,,,,
Australia,won,lost,2nd,Bangladesh,Fatullah,9 Apr 2006
,,,,,,
Bangladesh,lost,won,1st,Australia,Fatullah,9 Apr 2006
,,,,,,
South Africa,won,won,1st,New Zealand,Centurion,15 Apr 2006
,,,,,,
New Zealand,lost,lost,2nd,South Africa,Centurion,15 Apr 2006
,,,,,,
Australia,won,lost,2nd,Bangladesh,Chittagong,16 Apr 2006
,,,,,,
Bangladesh,lost,won,1st,Australia,Chittagong,16 Apr 2006
,,,,,,
New Zealand,draw,lost,1st,South Africa,Cape Town,27 Apr 2006
,,,,,,
South Africa,draw,won,2nd,New Zealand,Cape Town,27 Apr 2006
,,,,,,
South Africa,won,won,2nd,New Zealand,Johannesburg,5 May 2006
,,,,,,
New Zealand,lost,lost,1st,South Africa,Johannesburg,5 May 2006
,,,,,,
England,draw,won,1st,Sri Lanka,Lord's,11 May 2006
,,,,,,
Sri Lanka,draw,lost,2nd,England,Lord's,11 May 2006
,,,,,,
England,won,lost,2nd,Sri Lanka,Birmingham,25 May 2006
,,,,,,
Sri Lanka,lost,won,1st,England,Birmingham,25 May 2006
,,,,,,
Sri Lanka,won,won,1st,England,Nottingham,2 Jun 2006
,,,,,,
England,lost,lost,2nd,Sri Lanka,Nottingham,2 Jun 2006
,,,,,,
India,draw,won,1st,West Indies,St John's,2 Jun 2006
,,,,,,
West Indies,draw,lost,2nd,India,St John's,2 Jun 2006
,,,,,,
India,draw,won,1st,West Indies,Gros Islet,10 Jun 2006
,,,,,,
West Indies,draw,lost,2nd,India,Gros Islet,10 Jun 2006
,,,,,,
India,draw,lost,2nd,West Indies,Basseterre,22 Jun 2006
,,,,,,
West Indies,draw,won,1st,India,Basseterre,22 Jun 2006
,,,,,,
India,won,won,1st,West Indies,Kingston,30 Jun 2006
,,,,,,
West Indies,lost,lost,2nd,India,Kingston,30 Jun 2006
,,,,,,
England,draw,won,1st,Pakistan,Lord's,13 Jul 2006
,,,,,,
Pakistan,draw,lost,2nd,England,Lord's,13 Jul 2006
,,,,,,
Sri Lanka,won,lost,2nd,South Africa,Colombo (SSC),27 Jul 2006
,,,,,,
South Africa,lost,won,1st,Sri Lanka,Colombo (SSC),27 Jul 2006
,,,,,,
England,won,lost,2nd,Pakistan,Manchester,27 Jul 2006
,,,,,,
Pakistan,lost,won,1st,England,Manchester,27 Jul 2006
,,,,,,
Sri Lanka,won,lost,2nd,South Africa,Colombo (PSS),4 Aug 2006
,,,,,,
South Africa,lost,won,1st,Sri Lanka,Colombo (PSS),4 Aug 2006
,,,,,,
England,won,won,1st,Pakistan,Leeds,4 Aug 2006
,,,,,,
Pakistan,lost,lost,2nd,England,Leeds,4 Aug 2006
,,,,,,
England,won,lost,1st,Pakistan,The Oval,17 Aug 2006
,,,,,,
Pakistan,lost,won,2nd,England,The Oval,17 Aug 2006
,,,,,,
Pakistan,won,lost,2nd,West Indies,Lahore,11 Nov 2006
,,,,,,
West Indies,lost,won,1st,Pakistan,Lahore,11 Nov 2006
,,,,,,
Pakistan,draw,won,1st,West Indies,Multan,19 Nov 2006
,,,,,,
West Indies,draw,lost,2nd,Pakistan,Multan,19 Nov 2006
,,,,,,
Australia,won,won,1st,England,Brisbane,23 Nov 2006
,,,,,,
England,lost,lost,2nd,Australia,Brisbane,23 Nov 2006
,,,,,,
Pakistan,won,won,1st,West Indies,Karachi,27 Nov 2006
,,,,,,
West Indies,lost,lost,2nd,Pakistan,Karachi,27 Nov 2006
,,,,,,
Australia,won,lost,2nd,England,Adelaide,1 Dec 2006
,,,,,,
England,lost,won,1st,Australia,Adelaide,1 Dec 2006
,,,,,,
New Zealand,won,lost,2nd,Sri Lanka,Christchurch,7 Dec 2006
,,,,,,
Sri Lanka,lost,won,1st,New Zealand,Christchurch,7 Dec 2006
,,,,,,
Australia,won,won,1st,England,Perth,14 Dec 2006
,,,,,,
England,lost,lost,2nd,Australia,Perth,14 Dec 2006
,,,,,,
Sri Lanka,won,won,1st,New Zealand,Wellington,15 Dec 2006
,,,,,,
New Zealand,lost,lost,2nd,Sri Lanka,Wellington,15 Dec 2006
,,,,,,
India,won,won,1st,South Africa,Johannesburg,15 Dec 2006
,,,,,,
South Africa,lost,lost,2nd,India,Johannesburg,15 Dec 2006
,,,,,,
Australia,won,lost,2nd,England,Melbourne,26 Dec 2006
,,,,,,
England,lost,won,1st,Australia,Melbourne,26 Dec 2006
,,,,,,
South Africa,won,won,1st,India,Durban,26 Dec 2006
,,,,,,
India,lost,lost,2nd,South Africa,Durban,26 Dec 2006
,,,,,,
Australia,won,lost,2nd,England,Sydney,2 Jan 2007
,,,,,,
England,lost,won,1st,Australia,Sydney,2 Jan 2007
,,,,,,
South Africa,won,lost,2nd,India,Cape Town,2 Jan 2007
,,,,,,
India,lost,won,1st,South Africa,Cape Town,2 Jan 2007
,,,,,,
South Africa,won,lost,2nd,Pakistan,Centurion,11 Jan 2007
,,,,,,
Pakistan,lost,won,1st,South Africa,Centurion,11 Jan 2007
,,,,,,
Pakistan,won,lost,2nd,South Africa,Port Elizabeth,19 Jan 2007
,,,,,,
South Africa,lost,won,1st,Pakistan,Port Elizabeth,19 Jan 2007
,,,,,,
South Africa,won,won,2nd,Pakistan,Cape Town,26 Jan 2007
,,,,,,
Pakistan,lost,lost,1st,South Africa,Cape Town,26 Jan 2007
,,,,,,
England,draw,lost,1st,West Indies,Lord's,17 May 2007
,,,,,,
West Indies,draw,won,2nd,England,Lord's,17 May 2007
,,,,,,
Bangladesh,draw,lost,2nd,India,Chittagong,18 May 2007
,,,,,,
India,draw,won,1st,Bangladesh,Chittagong,18 May 2007
,,,,,,
India,won,lost,1st,Bangladesh,Dhaka,25 May 2007
,,,,,,
Bangladesh,lost,won,2nd,India,Dhaka,25 May 2007
,,,,,,
England,won,won,1st,West Indies,Leeds,25 May 2007
,,,,,,
West Indies,lost,lost,2nd,England,Leeds,25 May 2007
,,,,,,
England,won,won,1st,West Indies,Manchester,7 Jun 2007
,,,,,,
West Indies,lost,lost,2nd,England,Manchester,7 Jun 2007
,,,,,,
England,won,won,2nd,West Indies,Chester-le-Street,15 Jun 2007
,,,,,,
West Indies,lost,lost,1st,England,Chester-le-Street,15 Jun 2007
,,,,,,
Sri Lanka,won,won,2nd,Bangladesh,Colombo (SSC),25 Jun 2007
,,,,,,
Bangladesh,lost,lost,1st,Sri Lanka,Colombo (SSC),25 Jun 2007
,,,,,,
Sri Lanka,won,won,2nd,Bangladesh,Colombo (PSS),3 Jul 2007
,,,,,,
Bangladesh,lost,lost,1st,Sri Lanka,Colombo (PSS),3 Jul 2007
,,,,,,
Sri Lanka,won,won,2nd,Bangladesh,Kandy,11 Jul 2007
,,,,,,
Bangladesh,lost,lost,1st,Sri Lanka,Kandy,11 Jul 2007
,,,,,,
England,draw,won,1st,India,Lord's,19 Jul 2007
,,,,,,
India,draw,lost,2nd,England,Lord's,19 Jul 2007
,,,,,,
India,won,won,2nd,England,Nottingham,27 Jul 2007
,,,,,,
England,lost,lost,1st,India,Nottingham,27 Jul 2007
,,,,,,
England,draw,lost,2nd,India,The Oval,9 Aug 2007
,,,,,,
India,draw,won,1st,England,The Oval,9 Aug 2007
,,,,,,
South Africa,won,won,1st,Pakistan,Karachi,1 Oct 2007
,,,,,,
Pakistan,lost,lost,2nd,South Africa,Karachi,1 Oct 2007
,,,,,,
Pakistan,draw,lost,2nd,South Africa,Lahore,8 Oct 2007
,,,,,,
South Africa,draw,won,1st,Pakistan,Lahore,8 Oct 2007
,,,,,,
Australia,won,lost,1st,Sri Lanka,Brisbane,8 Nov 2007
,,,,,,
Sri Lanka,lost,won,2nd,Australia,Brisbane,8 Nov 2007
,,,,,,
South Africa,won,won,1st,New Zealand,Johannesburg,8 Nov 2007
,,,,,,
New Zealand,lost,lost,2nd,South Africa,Johannesburg,8 Nov 2007
,,,,,,
Australia,won,won,1st,Sri Lanka,Hobart,16 Nov 2007
,,,,,,
Sri Lanka,lost,lost,2nd,Australia,Hobart,16 Nov 2007
,,,,,,
South Africa,won,lost,2nd,New Zealand,Centurion,16 Nov 2007
,,,,,,
New Zealand,lost,won,1st,South Africa,Centurion,16 Nov 2007
,,,,,,
India,won,lost,2nd,Pakistan,Delhi,22 Nov 2007
,,,,,,
Pakistan,lost,won,1st,India,Delhi,22 Nov 2007
,,,,,,
India,draw,won,1st,Pakistan,Kolkata,30 Nov 2007
,,,,,,
Pakistan,draw,lost,2nd,India,Kolkata,30 Nov 2007
,,,,,,
Sri Lanka,won,won,1st,England,Kandy,1 Dec 2007
,,,,,,
England,lost,lost,2nd,Sri Lanka,Kandy,1 Dec 2007
,,,,,,
India,draw,won,1st,Pakistan,Bengaluru,8 Dec 2007
,,,,,,
Pakistan,draw,lost,2nd,India,Bengaluru,8 Dec 2007
,,,,,,
England,draw,won,1st,Sri Lanka,Colombo (SSC),9 Dec 2007
,,,,,,
Sri Lanka,draw,lost,2nd,England,Colombo (SSC),9 Dec 2007
,,,,,,
England,draw,won,2nd,Sri Lanka,Galle,18 Dec 2007
,,,,,,
Sri Lanka,draw,lost,1st,England,Galle,18 Dec 2007
,,,,,,
Australia,won,won,1st,India,Melbourne,26 Dec 2007
,,,,,,
India,lost,lost,2nd,Australia,Melbourne,26 Dec 2007
,,,,,,
West Indies,won,lost,1st,South Africa,Port Elizabeth,26 Dec 2007
,,,,,,
South Africa,lost,won,2nd,West Indies,Port Elizabeth,26 Dec 2007
,,,,,,
Australia,won,won,1st,India,Sydney,2 Jan 2008
,,,,,,
India,lost,lost,2nd,Australia,Sydney,2 Jan 2008
,,,,,,
South Africa,won,lost,2nd,West Indies,Cape Town,2 Jan 2008
,,,,,,
West Indies,lost,won,1st,South Africa,Cape Town,2 Jan 2008
,,,,,,
New Zealand,won,won,2nd,Bangladesh,Dunedin,4 Jan 2008
,,,,,,
Bangladesh,lost,lost,1st,New Zealand,Dunedin,4 Jan 2008
,,,,,,
South Africa,won,won,2nd,West Indies,Durban,10 Jan 2008
,,,,,,
West Indies,lost,lost,1st,South Africa,Durban,10 Jan 2008
,,,,,,
New Zealand,won,won,2nd,Bangladesh,Wellington,12 Jan 2008
,,,,,,
Bangladesh,lost,lost,1st,New Zealand,Wellington,12 Jan 2008
,,,,,,
India,won,won,1st,Australia,Perth,16 Jan 2008
,,,,,,
Australia,lost,lost,2nd,India,Perth,16 Jan 2008
,,,,,,
Australia,draw,lost,2nd,India,Adelaide,24 Jan 2008
,,,,,,
India,draw,won,1st,Australia,Adelaide,24 Jan 2008
,,,,,,
South Africa,won,lost,2nd,Bangladesh,Dhaka,22 Feb 2008
,,,,,,
Bangladesh,lost,won,1st,South Africa,Dhaka,22 Feb 2008
,,,,,,
South Africa,won,won,1st,Bangladesh,Chittagong,29 Feb 2008
,,,,,,
Bangladesh,lost,lost,2nd,South Africa,Chittagong,29 Feb 2008
,,,,,,
New Zealand,won,won,1st,England,Hamilton,5 Mar 2008
,,,,,,
England,lost,lost,2nd,New Zealand,Hamilton,5 Mar 2008
,,,,,,
England,won,lost,1st,New Zealand,Wellington,13 Mar 2008
,,,,,,
New Zealand,lost,won,2nd,England,Wellington,13 Mar 2008
,,,,,,
England,won,won,1st,New Zealand,Napier,22 Mar 2008
,,,,,,
New Zealand,lost,lost,2nd,England,Napier,22 Mar 2008
,,,,,,
Sri Lanka,won,won,1st,West Indies,Providence,22 Mar 2008
,,,,,,
West Indies,lost,lost,2nd,Sri Lanka,Providence,22 Mar 2008
,,,,,,
India,draw,lost,2nd,South Africa,Chennai,26 Mar 2008
,,,,,,
South Africa,draw,won,1st,India,Chennai,26 Mar 2008
,,,,,,
South Africa,won,lost,2nd,India,Ahmedabad,3 Apr 2008
,,,,,,
India,lost,won,1st,South Africa,Ahmedabad,3 Apr 2008
,,,,,,
West Indies,won,won,2nd,Sri Lanka,Port of Spain,3 Apr 2008
,,,,,,
Sri Lanka,lost,lost,1st,West Indies,Port of Spain,3 Apr 2008
,,,,,,
India,won,lost,2nd,South Africa,Kanpur,11 Apr 2008
,,,,,,
South Africa,lost,won,1st,India,Kanpur,11 Apr 2008
,,,,,,
England,draw,won,2nd,New Zealand,Lord's,15 May 2008
,,,,,,
New Zealand,draw,lost,1st,England,Lord's,15 May 2008
,,,,,,
Australia,won,won,1st,West Indies,Kingston,22 May 2008
,,,,,,
West Indies,lost,lost,2nd,Australia,Kingston,22 May 2008
,,,,,,
England,won,lost,2nd,New Zealand,Manchester,23 May 2008
,,,,,,
New Zealand,lost,won,1st,England,Manchester,23 May 2008
,,,,,,
Australia,draw,won,1st,West Indies,North Sound,30 May 2008
,,,,,,
West Indies,draw,lost,2nd,Australia,North Sound,30 May 2008
,,,,,,
England,won,lost,1st,New Zealand,Nottingham,5 Jun 2008
,,,,,,
New Zealand,lost,won,2nd,England,Nottingham,5 Jun 2008
,,,,,,
Australia,won,lost,1st,West Indies,Bridgetown,12 Jun 2008
,,,,,,
West Indies,lost,won,2nd,Australia,Bridgetown,12 Jun 2008
,,,,,,
England,draw,lost,1st,South Africa,Lord's,10 Jul 2008
,,,,,,
South Africa,draw,won,2nd,England,Lord's,10 Jul 2008
,,,,,,
South Africa,won,won,2nd,England,Leeds,18 Jul 2008
,,,,,,
England,lost,lost,1st,South Africa,Leeds,18 Jul 2008
,,,,,,
Sri Lanka,won,won,1st,India,Colombo (SSC),23 Jul 2008
,,,,,,
India,lost,lost,2nd,Sri Lanka,Colombo (SSC),23 Jul 2008
,,,,,,
South Africa,won,lost,2nd,England,Birmingham,30 Jul 2008
,,,,,,
England,lost,won,1st,South Africa,Birmingham,30 Jul 2008
,,,,,,
India,won,won,1st,Sri Lanka,Galle,31 Jul 2008
,,,,,,
Sri Lanka,lost,lost,2nd,India,Galle,31 Jul 2008
,,,,,,
England,won,lost,2nd,South Africa,The Oval,7 Aug 2008
,,,,,,
South Africa,lost,won,1st,England,The Oval,7 Aug 2008
,,,,,,
Sri Lanka,won,lost,2nd,India,Colombo (PSS),8 Aug 2008
,,,,,,
India,lost,won,1st,Sri Lanka,Colombo (PSS),8 Aug 2008
,,,,,,
Australia,draw,won,1st,India,Bengaluru,9 Oct 2008
,,,,,,
India,draw,lost,2nd,Australia,Bengaluru,9 Oct 2008
,,,,,,
New Zealand,won,lost,2nd,Bangladesh,Chittagong,17 Oct 2008
,,,,,,
Bangladesh,lost,won,1st,New Zealand,Chittagong,17 Oct 2008
,,,,,,
India,won,won,1st,Australia,Mohali,17 Oct 2008
,,,,,,
Australia,lost,lost,2nd,India,Mohali,17 Oct 2008
,,,,,,
Bangladesh,draw,won,2nd,New Zealand,Dhaka,25 Oct 2008
,,,,,,
New Zealand,draw,lost,1st,Bangladesh,Dhaka,25 Oct 2008
,,,,,,
Australia,draw,lost,2nd,India,Delhi,29 Oct 2008
,,,,,,
India,draw,won,1st,Australia,Delhi,29 Oct 2008
,,,,,,
India,won,won,1st,Australia,Nagpur,6 Nov 2008
,,,,,,
Australia,lost,lost,2nd,India,Nagpur,6 Nov 2008
,,,,,,
South Africa,won,lost,1st,Bangladesh,Bloemfontein,19 Nov 2008
,,,,,,
Bangladesh,lost,won,2nd,South Africa,Bloemfontein,19 Nov 2008
,,,,,,
Australia,won,lost,1st,New Zealand,Brisbane,20 Nov 2008
,,,,,,
New Zealand,lost,won,2nd,Australia,Brisbane,20 Nov 2008
,,,,,,
South Africa,won,lost,2nd,Bangladesh,Centurion,26 Nov 2008
,,,,,,
Bangladesh,lost,won,1st,South Africa,Centurion,26 Nov 2008
,,,,,,
Australia,won,lost,2nd,New Zealand,Adelaide,28 Nov 2008
,,,,,,
New Zealand,lost,won,1st,Australia,Adelaide,28 Nov 2008
,,,,,,
New Zealand,draw,won,1st,West Indies,Dunedin,11 Dec 2008
,,,,,,
West Indies,draw,lost,2nd,New Zealand,Dunedin,11 Dec 2008
,,,,,,
India,won,lost,2nd,England,Chennai,11 Dec 2008
,,,,,,
England,lost,won,1st,India,Chennai,11 Dec 2008
,,,,,,
South Africa,won,lost,2nd,Australia,Perth,17 Dec 2008
,,,,,,
Australia,lost,won,1st,South Africa,Perth,17 Dec 2008
,,,,,,
New Zealand,draw,lost,2nd,West Indies,Napier,19 Dec 2008
,,,,,,
West Indies,draw,won,1st,New Zealand,Napier,19 Dec 2008
,,,,,,
England,draw,lost,2nd,India,Mohali,19 Dec 2008
,,,,,,
India,draw,won,1st,England,Mohali,19 Dec 2008
,,,,,,
South Africa,won,lost,2nd,Australia,Melbourne,26 Dec 2008
,,,,,,
Australia,lost,won,1st,South Africa,Melbourne,26 Dec 2008
,,,,,,
Sri Lanka,won,won,1st,Bangladesh,Dhaka,26 Dec 2008
,,,,,,
Bangladesh,lost,lost,2nd,Sri Lanka,Dhaka,26 Dec 2008
,,,,,,
Australia,won,won,1st,South Africa,Sydney,3 Jan 2009
,,,,,,
South Africa,lost,lost,2nd,Australia,Sydney,3 Jan 2009
,,,,,,
Sri Lanka,won,won,1st,Bangladesh,Chittagong,3 Jan 2009
,,,,,,
Bangladesh,lost,lost,2nd,Sri Lanka,Chittagong,3 Jan 2009
,,,,,,
West Indies,won,lost,2nd,England,Kingston,4 Feb 2009
,,,,,,
England,lost,won,1st,West Indies,Kingston,4 Feb 2009
,,,,,,
England,draw,lost,1st,West Indies,North Sound,13 Feb 2009
,,,,,,
West Indies,draw,won,2nd,England,North Sound,13 Feb 2009
,,,,,,
England,draw,lost,1st,West Indies,St John's,15 Feb 2009
,,,,,,
West Indies,draw,won,2nd,England,St John's,15 Feb 2009
,,,,,,
Pakistan,draw,lost,2nd,Sri Lanka,Karachi,21 Feb 2009
,,,,,,
Sri Lanka,draw,won,1st,Pakistan,Karachi,21 Feb 2009
,,,,,,
Australia,won,won,1st,South Africa,Johannesburg,26 Feb 2009
,,,,,,
South Africa,lost,lost,2nd,Australia,Johannesburg,26 Feb 2009
,,,,,,
England,draw,won,1st,West Indies,Bridgetown,26 Feb 2009
,,,,,,
West Indies,draw,lost,2nd,England,Bridgetown,26 Feb 2009
,,,,,,
Pakistan,draw,won,2nd,Sri Lanka,Lahore,1 Mar 2009
,,,,,,
Sri Lanka,draw,lost,1st,Pakistan,Lahore,1 Mar 2009
,,,,,,
Australia,won,won,1st,South Africa,Durban,6 Mar 2009
,,,,,,
South Africa,lost,lost,2nd,Australia,Durban,6 Mar 2009
,,,,,,
England,draw,won,1st,West Indies,Port of Spain,6 Mar 2009
,,,,,,
West Indies,draw,lost,2nd,England,Port of Spain,6 Mar 2009
,,,,,,
India,won,won,2nd,New Zealand,Hamilton,18 Mar 2009
,,,,,,
New Zealand,lost,lost,1st,India,Hamilton,18 Mar 2009
,,,,,,
South Africa,won,lost,2nd,Australia,Cape Town,19 Mar 2009
,,,,,,
Australia,lost,won,1st,South Africa,Cape Town,19 Mar 2009
,,,,,,
India,draw,lost,2nd,New Zealand,Napier,26 Mar 2009
,,,,,,
New Zealand,draw,won,1st,India,Napier,26 Mar 2009
,,,,,,
India,draw,lost,1st,New Zealand,Wellington,3 Apr 2009
,,,,,,
New Zealand,draw,won,2nd,India,Wellington,3 Apr 2009
,,,,,,
England,won,lost,1st,West Indies,Lord's,6 May 2009
,,,,,,
West Indies,lost,won,2nd,England,Lord's,6 May 2009
,,,,,,
England,won,won,1st,West Indies,Chester-le-Street,14 May 2009
,,,,,,
West Indies,lost,lost,2nd,England,Chester-le-Street,14 May 2009
,,,,,,
Sri Lanka,won,lost,1st,Pakistan,Galle,4 Jul 2009
,,,,,,
Pakistan,lost,won,2nd,Sri Lanka,Galle,4 Jul 2009
,,,,,,
Australia,draw,lost,2nd,England,Cardiff,8 Jul 2009
,,,,,,
England,draw,won,1st,Australia,Cardiff,8 Jul 2009
,,,,,,
Bangladesh,won,won,1st,West Indies,Kingstown,9 Jul 2009
,,,,,,
West Indies,lost,lost,2nd,Bangladesh,Kingstown,9 Jul 2009
,,,,,,
Sri Lanka,won,lost,2nd,Pakistan,Colombo (PSS),12 Jul 2009
,,,,,,
Pakistan,lost,won,1st,Sri Lanka,Colombo (PSS),12 Jul 2009
,,,,,,
England,won,won,1st,Australia,Lord's,16 Jul 2009
,,,,,,
Australia,lost,lost,2nd,England,Lord's,16 Jul 2009
,,,,,,
Bangladesh,won,won,2nd,West Indies,St George's,17 Jul 2009
,,,,,,
West Indies,lost,lost,1st,Bangladesh,St George's,17 Jul 2009
,,,,,,
Pakistan,draw,lost,1st,Sri Lanka,Colombo (SSC),20 Jul 2009
,,,,,,
Sri Lanka,draw,won,2nd,Pakistan,Colombo (SSC),20 Jul 2009
,,,,,,
Australia,draw,won,1st,England,Birmingham,30 Jul 2009
,,,,,,
England,draw,lost,2nd,Australia,Birmingham,30 Jul 2009
,,,,,,
Australia,won,lost,2nd,England,Leeds,7 Aug 2009
,,,,,,
England,lost,won,1st,Australia,Leeds,7 Aug 2009
,,,,,,
Sri Lanka,won,lost,1st,New Zealand,Galle,18 Aug 2009
,,,,,,
New Zealand,lost,won,2nd,Sri Lanka,Galle,18 Aug 2009
,,,,,,
England,won,won,1st,Australia,The Oval,20 Aug 2009
,,,,,,
Australia,lost,lost,2nd,England,The Oval,20 Aug 2009
,,,,,,
Sri Lanka,won,won,1st,New Zealand,Colombo (SSC),26 Aug 2009
,,,,,,
New Zealand,lost,lost,2nd,Sri Lanka,Colombo (SSC),26 Aug 2009
,,,,,,
India,draw,won,1st,Sri Lanka,Ahmedabad,16 Nov 2009
,,,,,,
Sri Lanka,draw,lost,2nd,India,Ahmedabad,16 Nov 2009
,,,,,,
New Zealand,won,lost,1st,Pakistan,Dunedin,24 Nov 2009
,,,,,,
Pakistan,lost,won,2nd,New Zealand,Dunedin,24 Nov 2009
,,,,,,
India,won,won,1st,Sri Lanka,Kanpur,24 Nov 2009
,,,,,,
Sri Lanka,lost,lost,2nd,India,Kanpur,24 Nov 2009
,,,,,,
Australia,won,won,1st,West Indies,Brisbane,26 Nov 2009
,,,,,,
West Indies,lost,lost,2nd,Australia,Brisbane,26 Nov 2009
,,,,,,
India,won,lost,2nd,Sri Lanka,Mumbai (BS),2 Dec 2009
,,,,,,
Sri Lanka,lost,won,1st,India,Mumbai (BS),2 Dec 2009
,,,,,,
Pakistan,won,lost,1st,New Zealand,Wellington,3 Dec 2009
,,,,,,
New Zealand,lost,won,2nd,Pakistan,Wellington,3 Dec 2009
,,,,,,
Australia,draw,lost,2nd,West Indies,Adelaide,4 Dec 2009
,,,,,,
West Indies,draw,won,1st,Australia,Adelaide,4 Dec 2009
,,,,,,
New Zealand,draw,lost,2nd,Pakistan,Napier,11 Dec 2009
,,,,,,
Pakistan,draw,won,1st,New Zealand,Napier,11 Dec 2009
,,,,,,
Australia,won,won,1st,West Indies,Perth,16 Dec 2009
,,,,,,
West Indies,lost,lost,2nd,Australia,Perth,16 Dec 2009
,,,,,,
England,draw,won,2nd,South Africa,Centurion,16 Dec 2009
,,,,,,
South Africa,draw,lost,1st,England,Centurion,16 Dec 2009
,,,,,,
Australia,won,won,1st,Pakistan,Melbourne,26 Dec 2009
,,,,,,
Pakistan,lost,lost,2nd,Australia,Melbourne,26 Dec 2009
,,,,,,
England,won,lost,2nd,South Africa,Durban,26 Dec 2009
,,,,,,
South Africa,lost,won,1st,England,Durban,26 Dec 2009
,,,,,,
Australia,won,won,1st,Pakistan,Sydney,3 Jan 2010
,,,,,,
Pakistan,lost,lost,2nd,Australia,Sydney,3 Jan 2010
,,,,,,
England,draw,won,2nd,South Africa,Cape Town,3 Jan 2010
,,,,,,
South Africa,draw,lost,1st,England,Cape Town,3 Jan 2010
,,,,,,
Australia,won,won,1st,Pakistan,Hobart,14 Jan 2010
,,,,,,
Pakistan,lost,lost,2nd,Australia,Hobart,14 Jan 2010
,,,,,,
South Africa,won,lost,2nd,England,Johannesburg,14 Jan 2010
,,,,,,
England,lost,won,1st,South Africa,Johannesburg,14 Jan 2010
,,,,,,
India,won,lost,1st,Bangladesh,Chittagong,17 Jan 2010
,,,,,,
Bangladesh,lost,won,2nd,India,Chittagong,17 Jan 2010
,,,,,,
India,won,lost,2nd,Bangladesh,Dhaka,24 Jan 2010
,,,,,,
Bangladesh,lost,won,1st,India,Dhaka,24 Jan 2010
,,,,,,
South Africa,won,won,1st,India,Nagpur,6 Feb 2010
,,,,,,
India,lost,lost,2nd,South Africa,Nagpur,6 Feb 2010
,,,,,,
India,won,lost,2nd,South Africa,Kolkata,14 Feb 2010
,,,,,,
South Africa,lost,won,1st,India,Kolkata,14 Feb 2010
,,,,,,
New Zealand,won,lost,1st,Bangladesh,Hamilton,15 Feb 2010
,,,,,,
Bangladesh,lost,won,2nd,New Zealand,Hamilton,15 Feb 2010
,,,,,,
England,won,lost,1st,Bangladesh,Chittagong,12 Mar 2010
,,,,,,
Bangladesh,lost,won,2nd,England,Chittagong,12 Mar 2010
,,,,,,
Australia,won,won,1st,New Zealand,Wellington,19 Mar 2010
,,,,,,
New Zealand,lost,lost,2nd,Australia,Wellington,19 Mar 2010
,,,,,,
England,won,lost,2nd,Bangladesh,Dhaka,20 Mar 2010
,,,,,,
Bangladesh,lost,won,1st,England,Dhaka,20 Mar 2010
,,,,,,
Australia,won,won,1st,New Zealand,Hamilton,27 Mar 2010
,,,,,,
New Zealand,lost,lost,2nd,Australia,Hamilton,27 Mar 2010
,,,,,,
England,won,lost,1st,Bangladesh,Lord's,27 May 2010
,,,,,,
Bangladesh,lost,won,2nd,England,Lord's,27 May 2010
,,,,,,
England,won,won,1st,Bangladesh,Manchester,4 Jun 2010
,,,,,,
Bangladesh,lost,lost,2nd,England,Manchester,4 Jun 2010
,,,,,,
South Africa,won,won,1st,West Indies,Port of Spain,10 Jun 2010
,,,,,,
West Indies,lost,lost,2nd,South Africa,Port of Spain,10 Jun 2010
,,,,,,
South Africa,draw,won,1st,West Indies,Basseterre,18 Jun 2010
,,,,,,
West Indies,draw,lost,2nd,South Africa,Basseterre,18 Jun 2010
,,,,,,
South Africa,won,lost,2nd,West Indies,Bridgetown,26 Jun 2010
,,,,,,
West Indies,lost,won,1st,South Africa,Bridgetown,26 Jun 2010
,,,,,,
Australia,won,lost,1st,Pakistan,Lord's,13 Jul 2010
,,,,,,
Pakistan,lost,won,2nd,Australia,Lord's,13 Jul 2010
,,,,,,
Sri Lanka,won,won,1st,India,Galle,18 Jul 2010
,,,,,,
India,lost,lost,2nd,Sri Lanka,Galle,18 Jul 2010
,,,,,,
Pakistan,won,lost,2nd,Australia,Leeds,21 Jul 2010
,,,,,,
Australia,lost,won,1st,Pakistan,Leeds,21 Jul 2010
,,,,,,
India,draw,lost,2nd,Sri Lanka,Colombo (SSC),26 Jul 2010
,,,,,,
Sri Lanka,draw,won,1st,India,Colombo (SSC),26 Jul 2010
,,,,,,
England,won,won,1st,Pakistan,Nottingham,29 Jul 2010
,,,,,,
Pakistan,lost,lost,2nd,England,Nottingham,29 Jul 2010
,,,,,,
India,won,lost,2nd,Sri Lanka,Colombo (PSS),3 Aug 2010
,,,,,,
Sri Lanka,lost,won,1st,India,Colombo (PSS),3 Aug 2010
,,,,,,
England,won,lost,2nd,Pakistan,Birmingham,6 Aug 2010
,,,,,,
Pakistan,lost,won,1st,England,Birmingham,6 Aug 2010
,,,,,,
Pakistan,won,lost,2nd,England,The Oval,18 Aug 2010
,,,,,,
England,lost,won,1st,Pakistan,The Oval,18 Aug 2010
,,,,,,
England,won,lost,1st,Pakistan,Lord's,26 Aug 2010
,,,,,,
Pakistan,lost,won,2nd,England,Lord's,26 Aug 2010
,,,,,,
India,won,lost,2nd,Australia,Mohali,1 Oct 2010
,,,,,,
Australia,lost,won,1st,India,Mohali,1 Oct 2010
,,,,,,
India,won,lost,2nd,Australia,Bengaluru,9 Oct 2010
,,,,,,
Australia,lost,won,1st,India,Bengaluru,9 Oct 2010
,,,,,,
India,draw,won,1st,New Zealand,Ahmedabad,4 Nov 2010
,,,,,,
New Zealand,draw,lost,2nd,India,Ahmedabad,4 Nov 2010
,,,,,,
India,draw,lost,2nd,New Zealand,Hyderabad (Deccan),12 Nov 2010
,,,,,,
New Zealand,draw,won,1st,India,Hyderabad (Deccan),12 Nov 2010
,,,,,,
Pakistan,draw,lost,2nd,South Africa,Dubai (DSC),12 Nov 2010
,,,,,,
South Africa,draw,won,1st,Pakistan,Dubai (DSC),12 Nov 2010
,,,,,,
Sri Lanka,draw,lost,2nd,West Indies,Galle,15 Nov 2010
,,,,,,
West Indies,draw,won,1st,Sri Lanka,Galle,15 Nov 2010
,,,,,,
India,won,lost,2nd,New Zealand,Nagpur,20 Nov 2010
,,,,,,
New Zealand,lost,won,1st,India,Nagpur,20 Nov 2010
,,,,,,
Pakistan,draw,won,2nd,South Africa,Abu Dhabi,20 Nov 2010
,,,,,,
South Africa,draw,lost,1st,Pakistan,Abu Dhabi,20 Nov 2010
,,,,,,
Sri Lanka,draw,won,1st,West Indies,Colombo (RPS),23 Nov 2010
,,,,,,
West Indies,draw,lost,2nd,Sri Lanka,Colombo (RPS),23 Nov 2010
,,,,,,
Australia,draw,lost,2nd,England,Brisbane,25 Nov 2010
,,,,,,
England,draw,won,1st,Australia,Brisbane,25 Nov 2010
,,,,,,
Sri Lanka,draw,won,2nd,West Indies,Pallekele,1 Dec 2010
,,,,,,
West Indies,draw,lost,1st,Sri Lanka,Pallekele,1 Dec 2010
,,,,,,
England,won,lost,2nd,Australia,Adelaide,3 Dec 2010
,,,,,,
Australia,lost,won,1st,England,Adelaide,3 Dec 2010
,,,,,,
Australia,won,lost,1st,England,Perth,16 Dec 2010
,,,,,,
England,lost,won,2nd,Australia,Perth,16 Dec 2010
,,,,,,
South Africa,won,won,2nd,India,Centurion,16 Dec 2010
,,,,,,
India,lost,lost,1st,South Africa,Centurion,16 Dec 2010
,,,,,,
England,won,won,2nd,Australia,Melbourne,26 Dec 2010
,,,,,,
Australia,lost,lost,1st,England,Melbourne,26 Dec 2010
,,,,,,
India,won,lost,1st,South Africa,Durban,26 Dec 2010
,,,,,,
South Africa,lost,won,2nd,India,Durban,26 Dec 2010
,,,,,,
India,draw,won,2nd,South Africa,Cape Town,2 Jan 2011
,,,,,,
South Africa,draw,lost,1st,India,Cape Town,2 Jan 2011
,,,,,,
England,won,lost,2nd,Australia,Sydney,3 Jan 2011
,,,,,,
Australia,lost,won,1st,England,Sydney,3 Jan 2011
,,,,,,
Pakistan,won,won,2nd,New Zealand,Hamilton,7 Jan 2011
,,,,,,
New Zealand,lost,lost,1st,Pakistan,Hamilton,7 Jan 2011
,,,,,,
New Zealand,draw,won,1st,Pakistan,Wellington,15 Jan 2011
,,,,,,
Pakistan,draw,lost,2nd,New Zealand,Wellington,15 Jan 2011
,,,,,,
West Indies,won,won,1st,Pakistan,Providence,12 May 2011
,,,,,,
Pakistan,lost,lost,2nd,West Indies,Providence,12 May 2011
,,,,,,
Pakistan,won,won,1st,West Indies,Basseterre,20 May 2011
,,,,,,
West Indies,lost,lost,2nd,Pakistan,Basseterre,20 May 2011
,,,,,,
England,won,lost,2nd,Sri Lanka,Cardiff,26 May 2011
,,,,,,
Sri Lanka,lost,won,1st,England,Cardiff,26 May 2011
,,,,,,
England,draw,lost,1st,Sri Lanka,Lord's,3 Jun 2011
,,,,,,
Sri Lanka,draw,won,2nd,England,Lord's,3 Jun 2011
,,,,,,
England,draw,won,2nd,Sri Lanka,Southampton,16 Jun 2011
,,,,,,
Sri Lanka,draw,lost,1st,England,Southampton,16 Jun 2011
,,,,,,
India,won,won,1st,West Indies,Kingston,20 Jun 2011
,,,,,,
West Indies,lost,lost,2nd,India,Kingston,20 Jun 2011
,,,,,,
India,draw,lost,1st,West Indies,Bridgetown,28 Jun 2011
,,,,,,
West Indies,draw,won,2nd,India,Bridgetown,28 Jun 2011
,,,,,,
India,draw,won,2nd,West Indies,Roseau,6 Jul 2011
,,,,,,
West Indies,draw,lost,1st,India,Roseau,6 Jul 2011
,,,,,,
England,won,lost,1st,India,Lord's,21 Jul 2011
,,,,,,
India,lost,won,2nd,England,Lord's,21 Jul 2011
,,,,,,
England,won,lost,1st,India,Nottingham,29 Jul 2011
,,,,,,
India,lost,won,2nd,England,Nottingham,29 Jul 2011
,,,,,,
Zimbabwe,won,lost,1st,Bangladesh,Harare,4 Aug 2011
,,,,,,
Bangladesh,lost,won,2nd,Zimbabwe,Harare,4 Aug 2011
,,,,,,
England,won,won,2nd,India,Birmingham,10 Aug 2011
,,,,,,
India,lost,lost,1st,England,Birmingham,10 Aug 2011
,,,,,,
England,won,won,1st,India,The Oval,18 Aug 2011
,,,,,,
India,lost,lost,2nd,England,The Oval,18 Aug 2011
,,,,,,
Australia,won,won,1st,Sri Lanka,Galle,31 Aug 2011
,,,,,,
Sri Lanka,lost,lost,2nd,Australia,Galle,31 Aug 2011
,,,,,,
Pakistan,won,won,2nd,Zimbabwe,Bulawayo,1 Sep 2011
,,,,,,
Zimbabwe,lost,lost,1st,Pakistan,Bulawayo,1 Sep 2011
,,,,,,
Australia,draw,lost,2nd,Sri Lanka,Pallekele,8 Sep 2011
,,,,,,
Sri Lanka,draw,won,1st,Australia,Pallekele,8 Sep 2011
,,,,,,
Australia,draw,lost,1st,Sri Lanka,Colombo (SSC),16 Sep 2011
,,,,,,
Sri Lanka,draw,won,2nd,Australia,Colombo (SSC),16 Sep 2011
,,,,,,
Pakistan,draw,won,2nd,Sri Lanka,Abu Dhabi,18 Oct 2011
,,,,,,
Sri Lanka,draw,lost,1st,Pakistan,Abu Dhabi,18 Oct 2011
,,,,,,
Bangladesh,draw,won,1st,West Indies,Chittagong,21 Oct 2011
,,,,,,
West Indies,draw,lost,2nd,Bangladesh,Chittagong,21 Oct 2011
,,,,,,
Pakistan,won,lost,2nd,Sri Lanka,Dubai (DSC),26 Oct 2011
,,,,,,
Sri Lanka,lost,won,1st,Pakistan,Dubai (DSC),26 Oct 2011
,,,,,,
West Indies,won,won,1st,Bangladesh,Dhaka,29 Oct 2011
,,,,,,
Bangladesh,lost,lost,2nd,West Indies,Dhaka,29 Oct 2011
,,,,,,
New Zealand,won,won,1st,Zimbabwe,Bulawayo,1 Nov 2011
,,,,,,
Zimbabwe,lost,lost,2nd,New Zealand,Bulawayo,1 Nov 2011
,,,,,,
Pakistan,draw,lost,2nd,Sri Lanka,Sharjah,3 Nov 2011
,,,,,,
Sri Lanka,draw,won,1st,Pakistan,Sharjah,3 Nov 2011
,,,,,,
India,won,lost,2nd,West Indies,Delhi,6 Nov 2011
,,,,,,
West Indies,lost,won,1st,India,Delhi,6 Nov 2011
,,,,,,
South Africa,won,won,2nd,Australia,Cape Town,9 Nov 2011
,,,,,,
Australia,lost,lost,1st,South Africa,Cape Town,9 Nov 2011
,,,,,,
India,won,won,1st,West Indies,Kolkata,14 Nov 2011
,,,,,,
West Indies,lost,lost,2nd,India,Kolkata,14 Nov 2011
,,,,,,
Australia,won,lost,2nd,South Africa,Johannesburg,17 Nov 2011
,,,,,,
South Africa,lost,won,1st,Australia,Johannesburg,17 Nov 2011
,,,,,,
India,draw,lost,2nd,West Indies,Mumbai,22 Nov 2011
,,,,,,
West Indies,draw,won,1st,India,Mumbai,22 Nov 2011
,,,,,,
Australia,won,lost,2nd,New Zealand,Brisbane,1 Dec 2011
,,,,,,
New Zealand,lost,won,1st,Australia,Brisbane,1 Dec 2011
,,,,,,
New Zealand,won,lost,1st,Australia,Hobart,9 Dec 2011
,,,,,,
Australia,lost,won,2nd,New Zealand,Hobart,9 Dec 2011
,,,,,,
Pakistan,won,won,2nd,Bangladesh,Chittagong,9 Dec 2011
,,,,,,
Bangladesh,lost,lost,1st,Pakistan,Chittagong,9 Dec 2011
,,,,,,
South Africa,won,won,2nd,Sri Lanka,Centurion,15 Dec 2011
,,,,,,
Sri Lanka,lost,lost,1st,South Africa,Centurion,15 Dec 2011
,,,,,,
Pakistan,won,won,2nd,Bangladesh,Dhaka,17 Dec 2011
,,,,,,
Bangladesh,lost,lost,1st,Pakistan,Dhaka,17 Dec 2011
,,,,,,
Australia,won,won,1st,India,Melbourne,26 Dec 2011
,,,,,,
India,lost,lost,2nd,Australia,Melbourne,26 Dec 2011
,,,,,,
Sri Lanka,won,won,1st,South Africa,Durban,26 Dec 2011
,,,,,,
South Africa,lost,lost,2nd,Sri Lanka,Durban,26 Dec 2011
,,,,,,
Australia,won,lost,2nd,India,Sydney,3 Jan 2012
,,,,,,
India,lost,won,1st,Australia,Sydney,3 Jan 2012
,,,,,,
South Africa,won,lost,1st,Sri Lanka,Cape Town,3 Jan 2012
,,,,,,
Sri Lanka,lost,won,2nd,South Africa,Cape Town,3 Jan 2012
,,,,,,
Australia,won,won,2nd,India,Perth,13 Jan 2012
,,,,,,
India,lost,lost,1st,Australia,Perth,13 Jan 2012
,,,,,,
Pakistan,won,lost,2nd,England,Dubai (DSC),17 Jan 2012
,,,,,,
England,lost,won,1st,Pakistan,Dubai (DSC),17 Jan 2012
,,,,,,
Australia,won,won,1st,India,Adelaide,24 Jan 2012
,,,,,,
India,lost,lost,2nd,Australia,Adelaide,24 Jan 2012
,,,,,,
Pakistan,won,won,1st,England,Abu Dhabi,25 Jan 2012
,,,,,,
England,lost,lost,2nd,Pakistan,Abu Dhabi,25 Jan 2012
,,,,,,
New Zealand,won,lost,1st,Zimbabwe,Napier,26 Jan 2012
,,,,,,
Zimbabwe,lost,won,2nd,New Zealand,Napier,26 Jan 2012
,,,,,,
Pakistan,won,won,1st,England,Dubai (DSC),3 Feb 2012
,,,,,,
England,lost,lost,2nd,Pakistan,Dubai (DSC),3 Feb 2012
,,,,,,
New Zealand,draw,won,2nd,South Africa,Dunedin,7 Mar 2012
,,,,,,
South Africa,draw,lost,1st,New Zealand,Dunedin,7 Mar 2012
,,,,,,
South Africa,won,won,2nd,New Zealand,Hamilton,15 Mar 2012
,,,,,,
New Zealand,lost,lost,1st,South Africa,Hamilton,15 Mar 2012
,,,,,,
New Zealand,draw,won,2nd,South Africa,Wellington,23 Mar 2012
,,,,,,
South Africa,draw,lost,1st,New Zealand,Wellington,23 Mar 2012
,,,,,,
Sri Lanka,won,won,1st,England,Galle,26 Mar 2012
,,,,,,
England,lost,lost,2nd,Sri Lanka,Galle,26 Mar 2012
,,,,,,
England,won,lost,2nd,Sri Lanka,Colombo (PSS),3 Apr 2012
,,,,,,
Sri Lanka,lost,won,1st,England,Colombo (PSS),3 Apr 2012
,,,,,,
Australia,won,lost,2nd,West Indies,Bridgetown,7 Apr 2012
,,,,,,
West Indies,lost,won,1st,Australia,Bridgetown,7 Apr 2012
,,,,,,
Australia,draw,won,1st,West Indies,Port of Spain,15 Apr 2012
,,,,,,
West Indies,draw,lost,2nd,Australia,Port of Spain,15 Apr 2012
,,,,,,
Australia,won,won,1st,West Indies,Roseau,23 Apr 2012
,,,,,,
West Indies,lost,lost,2nd,Australia,Roseau,23 Apr 2012
,,,,,,
England,won,won,2nd,West Indies,Lord's,17 May 2012
,,,,,,
West Indies,lost,lost,1st,England,Lord's,17 May 2012
,,,,,,
England,won,lost,2nd,West Indies,Nottingham,25 May 2012
,,,,,,
West Indies,lost,won,1st,England,Nottingham,25 May 2012
,,,,,,
England,draw,won,2nd,West Indies,Birmingham,7 Jun 2012
,,,,,,
West Indies,draw,lost,1st,England,Birmingham,7 Jun 2012
,,,,,,
Sri Lanka,won,won,1st,Pakistan,Galle,22 Jun 2012
,,,,,,
Pakistan,lost,lost,2nd,Sri Lanka,Galle,22 Jun 2012
,,,,,,
Pakistan,draw,lost,1st,Sri Lanka,Colombo (SSC),30 Jun 2012
,,,,,,
Sri Lanka,draw,won,2nd,Pakistan,Colombo (SSC),30 Jun 2012
,,,,,,
Pakistan,draw,lost,1st,Sri Lanka,Pallekele,8 Jul 2012
,,,,,,
Sri Lanka,draw,won,2nd,Pakistan,Pallekele,8 Jul 2012
,,,,,,
South Africa,won,lost,2nd,England,The Oval,19 Jul 2012
,,,,,,
England,lost,won,1st,South Africa,The Oval,19 Jul 2012
,,,,,,
West Indies,won,lost,2nd,New Zealand,North Sound,25 Jul 2012
,,,,,,
New Zealand,lost,won,1st,West Indies,North Sound,25 Jul 2012
,,,,,,
England,draw,won,2nd,South Africa,Leeds,2 Aug 2012
,,,,,,
South Africa,draw,lost,1st,England,Leeds,2 Aug 2012
,,,,,,
West Indies,won,won,2nd,New Zealand,Kingston,2 Aug 2012
,,,,,,
New Zealand,lost,lost,1st,West Indies,Kingston,2 Aug 2012
,,,,,,
South Africa,won,won,1st,England,Lord's,16 Aug 2012
,,,,,,
England,lost,lost,2nd,South Africa,Lord's,16 Aug 2012
,,,,,,
India,won,won,1st,New Zealand,Hyderabad (Deccan),23 Aug 2012
,,,,,,
New Zealand,lost,lost,2nd,India,Hyderabad (Deccan),23 Aug 2012
,,,,,,
India,won,lost,2nd,New Zealand,Bengaluru,31 Aug 2012
,,,,,,
New Zealand,lost,won,1st,India,Bengaluru,31 Aug 2012
,,,,,,
Australia,draw,lost,2nd,South Africa,Brisbane,9 Nov 2012
,,,,,,
South Africa,draw,won,1st,Australia,Brisbane,9 Nov 2012
,,,,,,
West Indies,won,won,1st,Bangladesh,Dhaka,13 Nov 2012
,,,,,,
Bangladesh,lost,lost,2nd,West Indies,Dhaka,13 Nov 2012
,,,,,,
India,won,won,1st,England,Ahmedabad,15 Nov 2012
,,,,,,
England,lost,lost,2nd,India,Ahmedabad,15 Nov 2012
,,,,,,
Sri Lanka,won,lost,2nd,New Zealand,Galle,17 Nov 2012
,,,,,,
New Zealand,lost,won,1st,Sri Lanka,Galle,17 Nov 2012
,,,,,,
West Indies,won,lost,2nd,Bangladesh,Khulna,21 Nov 2012
,,,,,,
Bangladesh,lost,won,1st,West Indies,Khulna,21 Nov 2012
,,,,,,
Australia,draw,won,1st,South Africa,Adelaide,22 Nov 2012
,,,,,,
South Africa,draw,lost,2nd,Australia,Adelaide,22 Nov 2012
,,,,,,
England,won,lost,2nd,India,Mumbai,23 Nov 2012
,,,,,,
India,lost,won,1st,England,Mumbai,23 Nov 2012
,,,,,,
New Zealand,won,won,1st,Sri Lanka,Colombo (PSS),25 Nov 2012
,,,,,,
Sri Lanka,lost,lost,2nd,New Zealand,Colombo (PSS),25 Nov 2012
,,,,,,
South Africa,won,won,1st,Australia,Perth,30 Nov 2012
,,,,,,
Australia,lost,lost,2nd,South Africa,Perth,30 Nov 2012
,,,,,,
England,won,lost,2nd,India,Kolkata,5 Dec 2012
,,,,,,
India,lost,won,1st,England,Kolkata,5 Dec 2012
,,,,,,
England,draw,won,1st,India,Nagpur,13 Dec 2012
,,,,,,
India,draw,lost,2nd,England,Nagpur,13 Dec 2012
,,,,,,
Australia,won,won,1st,Sri Lanka,Hobart,14 Dec 2012
,,,,,,
Sri Lanka,lost,lost,2nd,Australia,Hobart,14 Dec 2012
,,,,,,
Australia,won,lost,2nd,Sri Lanka,Melbourne,26 Dec 2012
,,,,,,
Sri Lanka,lost,won,1st,Australia,Melbourne,26 Dec 2012
,,,,,,
South Africa,won,lost,2nd,New Zealand,Cape Town,2 Jan 2013
,,,,,,
New Zealand,lost,won,1st,South Africa,Cape Town,2 Jan 2013
,,,,,,
Australia,won,won,2nd,Sri Lanka,Sydney,3 Jan 2013
,,,,,,
Sri Lanka,lost,lost,1st,Australia,Sydney,3 Jan 2013
,,,,,,
South Africa,won,won,1st,New Zealand,Port Elizabeth,11 Jan 2013
,,,,,,
New Zealand,lost,lost,2nd,South Africa,Port Elizabeth,11 Jan 2013
,,,,,,
South Africa,won,won,1st,Pakistan,Johannesburg,1 Feb 2013
,,,,,,
Pakistan,lost,lost,2nd,South Africa,Johannesburg,1 Feb 2013
,,,,,,
South Africa,won,won,2nd,Pakistan,Cape Town,14 Feb 2013
,,,,,,
Pakistan,lost,lost,1st,South Africa,Cape Town,14 Feb 2013
,,,,,,
India,won,lost,2nd,Australia,Chennai,22 Feb 2013
,,,,,,
Australia,lost,won,1st,India,Chennai,22 Feb 2013
,,,,,,
South Africa,won,won,1st,Pakistan,Centurion,22 Feb 2013
,,,,,,
Pakistan,lost,lost,2nd,South Africa,Centurion,22 Feb 2013
,,,,,,
India,won,lost,2nd,Australia,Hyderabad (Deccan),2 Mar 2013
,,,,,,
Australia,lost,won,1st,India,Hyderabad (Deccan),2 Mar 2013
,,,,,,
England,draw,lost,1st,New Zealand,Dunedin,6 Mar 2013
,,,,,,
New Zealand,draw,won,2nd,England,Dunedin,6 Mar 2013
,,,,,,
Bangladesh,draw,lost,2nd,Sri Lanka,Galle,8 Mar 2013
,,,,,,
Sri Lanka,draw,won,1st,Bangladesh,Galle,8 Mar 2013
,,,,,,
West Indies,won,lost,2nd,Zimbabwe,Bridgetown,12 Mar 2013
,,,,,,
Zimbabwe,lost,won,1st,West Indies,Bridgetown,12 Mar 2013
,,,,,,
England,draw,lost,1st,New Zealand,Wellington,14 Mar 2013
,,,,,,
New Zealand,draw,won,2nd,England,Wellington,14 Mar 2013
,,,,,,
India,won,lost,2nd,Australia,Mohali,14 Mar 2013
,,,,,,
Australia,lost,won,1st,India,Mohali,14 Mar 2013
,,,,,,
Sri Lanka,won,won,2nd,Bangladesh,Colombo (RPS),16 Mar 2013
,,,,,,
Bangladesh,lost,lost,1st,Sri Lanka,Colombo (RPS),16 Mar 2013
,,,,,,
West Indies,won,won,2nd,Zimbabwe,Roseau,20 Mar 2013
,,,,,,
Zimbabwe,lost,lost,1st,West Indies,Roseau,20 Mar 2013
,,,,,,
England,draw,won,2nd,New Zealand,Auckland,22 Mar 2013
,,,,,,
New Zealand,draw,lost,1st,England,Auckland,22 Mar 2013
,,,,,,
India,won,lost,2nd,Australia,Delhi,22 Mar 2013
,,,,,,
Australia,lost,won,1st,India,Delhi,22 Mar 2013
,,,,,,
Zimbabwe,won,lost,1st,Bangladesh,Harare,17 Apr 2013
,,,,,,
Bangladesh,lost,won,2nd,Zimbabwe,Harare,17 Apr 2013
,,,,,,
Bangladesh,won,lost,1st,Zimbabwe,Harare,25 Apr 2013
,,,,,,
Zimbabwe,lost,won,2nd,Bangladesh,Harare,25 Apr 2013
,,,,,,
England,won,won,1st,New Zealand,Lord's,16 May 2013
,,,,,,
New Zealand,lost,lost,2nd,England,Lord's,16 May 2013
,,,,,,
England,won,won,1st,New Zealand,Leeds,24 May 2013
,,,,,,
New Zealand,lost,lost,2nd,England,Leeds,24 May 2013
,,,,,,
England,won,won,1st,Australia,Nottingham,10 Jul 2013
,,,,,,
Australia,lost,lost,2nd,England,Nottingham,10 Jul 2013
,,,,,,
England,won,won,1st,Australia,Lord's,18 Jul 2013
,,,,,,
Australia,lost,lost,2nd,England,Lord's,18 Jul 2013
,,,,,,
Australia,draw,won,1st,England,Manchester,1 Aug 2013
,,,,,,
England,draw,lost,2nd,Australia,Manchester,1 Aug 2013
,,,,,,
England,won,won,1st,Australia,Chester-le-Street,9 Aug 2013
,,,,,,
Australia,lost,lost,2nd,England,Chester-le-Street,9 Aug 2013
,,,,,,
Australia,draw,won,1st,England,The Oval,21 Aug 2013
,,,,,,
England,draw,lost,2nd,Australia,The Oval,21 Aug 2013
,,,,,,
Pakistan,won,lost,1st,Zimbabwe,Harare,3 Sep 2013
,,,,,,
Zimbabwe,lost,won,2nd,Pakistan,Harare,3 Sep 2013
,,,,,,
Zimbabwe,won,won,1st,Pakistan,Harare,10 Sep 2013
,,,,,,
Pakistan,lost,lost,2nd,Zimbabwe,Harare,10 Sep 2013
,,,,,,
Bangladesh,draw,lost,2nd,New Zealand,Chittagong,9 Oct 2013
,,,,,,
New Zealand,draw,won,1st,Bangladesh,Chittagong,9 Oct 2013
,,,,,,
Pakistan,won,lost,2nd,South Africa,Abu Dhabi,14 Oct 2013
,,,,,,
South Africa,lost,won,1st,Pakistan,Abu Dhabi,14 Oct 2013
,,,,,,
Bangladesh,draw,won,1st,New Zealand,Dhaka,21 Oct 2013
,,,,,,
New Zealand,draw,lost,2nd,Bangladesh,Dhaka,21 Oct 2013
,,,,,,
South Africa,won,lost,2nd,Pakistan,Dubai (DSC),23 Oct 2013
,,,,,,
Pakistan,lost,won,1st,South Africa,Dubai (DSC),23 Oct 2013
,,,,,,
India,won,lost,2nd,West Indies,Kolkata,6 Nov 2013
,,,,,,
West Indies,lost,won,1st,India,Kolkata,6 Nov 2013
,,,,,,
India,won,won,2nd,West Indies,Mumbai,14 Nov 2013
,,,,,,
West Indies,lost,lost,1st,India,Mumbai,14 Nov 2013
,,,,,,
Australia,won,won,1st,England,Brisbane,21 Nov 2013
,,,,,,
England,lost,lost,2nd,Australia,Brisbane,21 Nov 2013
,,,,,,
New Zealand,draw,lost,1st,West Indies,Dunedin,3 Dec 2013
,,,,,,
West Indies,draw,won,2nd,New Zealand,Dunedin,3 Dec 2013
,,,,,,
Australia,won,won,1st,England,Adelaide,5 Dec 2013
,,,,,,
England,lost,lost,2nd,Australia,Adelaide,5 Dec 2013
,,,,,,
New Zealand,won,lost,1st,West Indies,Wellington,11 Dec 2013
,,,,,,
West Indies,lost,won,2nd,New Zealand,Wellington,11 Dec 2013
,,,,,,
Australia,won,won,1st,England,Perth,13 Dec 2013
,,,,,,
England,lost,lost,2nd,Australia,Perth,13 Dec 2013
,,,,,,
India,draw,won,1st,South Africa,Johannesburg,18 Dec 2013
,,,,,,
South Africa,draw,lost,2nd,India,Johannesburg,18 Dec 2013
,,,,,,
New Zealand,won,won,2nd,West Indies,Hamilton,19 Dec 2013
,,,,,,
West Indies,lost,lost,1st,New Zealand,Hamilton,19 Dec 2013
,,,,,,
Australia,won,won,2nd,England,Melbourne,26 Dec 2013
,,,,,,
England,lost,lost,1st,Australia,Melbourne,26 Dec 2013
,,,,,,
South Africa,won,lost,2nd,India,Durban,26 Dec 2013
,,,,,,
India,lost,won,1st,South Africa,Durban,26 Dec 2013
,,,,,,
Pakistan,draw,won,2nd,Sri Lanka,Abu Dhabi,31 Dec 2013
,,,,,,
Sri Lanka,draw,lost,1st,Pakistan,Abu Dhabi,31 Dec 2013
,,,,,,
Australia,won,lost,1st,England,Sydney,3 Jan 2014
,,,,,,
England,lost,won,2nd,Australia,Sydney,3 Jan 2014
,,,,,,
Sri Lanka,won,won,2nd,Pakistan,Dubai (DSC),8 Jan 2014
,,,,,,
Pakistan,lost,lost,1st,Sri Lanka,Dubai (DSC),8 Jan 2014
,,,,,,
Pakistan,won,lost,2nd,Sri Lanka,Sharjah,16 Jan 2014
,,,,,,
Sri Lanka,lost,won,1st,Pakistan,Sharjah,16 Jan 2014
,,,,,,
Sri Lanka,won,won,2nd,Bangladesh,Dhaka,27 Jan 2014
,,,,,,
Bangladesh,lost,lost,1st,Sri Lanka,Dhaka,27 Jan 2014
,,,,,,
Bangladesh,draw,lost,2nd,Sri Lanka,Chittagong,4 Feb 2014
,,,,,,
Sri Lanka,draw,won,1st,Bangladesh,Chittagong,4 Feb 2014
,,,,,,
New Zealand,won,lost,1st,India,Auckland,6 Feb 2014
,,,,,,
India,lost,won,2nd,New Zealand,Auckland,6 Feb 2014
,,,,,,
Australia,won,lost,1st,South Africa,Centurion,12 Feb 2014
,,,,,,
South Africa,lost,won,2nd,Australia,Centurion,12 Feb 2014
,,,,,,
India,draw,won,2nd,New Zealand,Wellington,14 Feb 2014
,,,,,,
New Zealand,draw,lost,1st,India,Wellington,14 Feb 2014
,,,,,,
South Africa,won,won,1st,Australia,Port Elizabeth,20 Feb 2014
,,,,,,
Australia,lost,lost,2nd,South Africa,Port Elizabeth,20 Feb 2014
,,,,,,
Australia,won,won,1st,South Africa,Cape Town,1 Mar 2014
,,,,,,
South Africa,lost,lost,2nd,Australia,Cape Town,1 Mar 2014
,,,,,,
New Zealand,won,won,1st,West Indies,Kingston,8 Jun 2014
,,,,,,
West Indies,lost,lost,2nd,New Zealand,Kingston,8 Jun 2014
,,,,,,
England,draw,lost,1st,Sri Lanka,Lord's,12 Jun 2014
,,,,,,
Sri Lanka,draw,won,2nd,England,Lord's,12 Jun 2014
,,,,,,
West Indies,won,lost,2nd,New Zealand,Port of Spain,16 Jun 2014
,,,,,,
New Zealand,lost,won,1st,West Indies,Port of Spain,16 Jun 2014
,,,,,,
Sri Lanka,won,lost,1st,England,Leeds,20 Jun 2014
,,,,,,
England,lost,won,2nd,Sri Lanka,Leeds,20 Jun 2014
,,,,,,
New Zealand,won,won,1st,West Indies,Bridgetown,26 Jun 2014
,,,,,,
West Indies,lost,lost,2nd,New Zealand,Bridgetown,26 Jun 2014
,,,,,,
England,draw,lost,2nd,India,Nottingham,9 Jul 2014
,,,,,,
India,draw,won,1st,England,Nottingham,9 Jul 2014
,,,,,,
South Africa,won,won,1st,Sri Lanka,Galle,16 Jul 2014
,,,,,,
Sri Lanka,lost,lost,2nd,South Africa,Galle,16 Jul 2014
,,,,,,
India,won,lost,1st,England,Lord's,17 Jul 2014
,,,,,,
England,lost,won,2nd,India,Lord's,17 Jul 2014
,,,,,,
South Africa,draw,lost,2nd,Sri Lanka,Colombo (SSC),24 Jul 2014
,,,,,,
Sri Lanka,draw,won,1st,South Africa,Colombo (SSC),24 Jul 2014
,,,,,,
England,won,won,1st,India,Southampton,27 Jul 2014
,,,,,,
India,lost,lost,2nd,England,Southampton,27 Jul 2014
,,,,,,
Sri Lanka,won,lost,2nd,Pakistan,Galle,6 Aug 2014
,,,,,,
Pakistan,lost,won,1st,Sri Lanka,Galle,6 Aug 2014
,,,,,,
England,won,lost,2nd,India,Manchester,7 Aug 2014
,,,,,,
India,lost,won,1st,England,Manchester,7 Aug 2014
,,,,,,
South Africa,won,lost,2nd,Zimbabwe,Harare,9 Aug 2014
,,,,,,
Zimbabwe,lost,won,1st,South Africa,Harare,9 Aug 2014
,,,,,,
Sri Lanka,won,won,1st,Pakistan,Colombo (SSC),14 Aug 2014
,,,,,,
Pakistan,lost,lost,2nd,Sri Lanka,Colombo (SSC),14 Aug 2014
,,,,,,
England,won,won,2nd,India,The Oval,15 Aug 2014
,,,,,,
India,lost,lost,1st,England,The Oval,15 Aug 2014
,,,,,,
West Indies,won,lost,1st,Bangladesh,Kingstown,5 Sep 2014
,,,,,,
Bangladesh,lost,won,2nd,West Indies,Kingstown,5 Sep 2014
,,,,,,
West Indies,won,lost,1st,Bangladesh,Gros Islet,13 Sep 2014
,,,,,,
Bangladesh,lost,won,2nd,West Indies,Gros Islet,13 Sep 2014
,,,,,,
Pakistan,won,won,1st,Australia,Dubai (DSC),22 Oct 2014
,,,,,,
Australia,lost,lost,2nd,Pakistan,Dubai (DSC),22 Oct 2014
,,,,,,
Bangladesh,won,lost,2nd,Zimbabwe,Dhaka,25 Oct 2014
,,,,,,
Zimbabwe,lost,won,1st,Bangladesh,Dhaka,25 Oct 2014
,,,,,,
Pakistan,won,won,1st,Australia,Abu Dhabi,30 Oct 2014
,,,,,,
Australia,lost,lost,2nd,Pakistan,Abu Dhabi,30 Oct 2014
,,,,,,
Bangladesh,won,won,1st,Zimbabwe,Khulna,3 Nov 2014
,,,,,,
Zimbabwe,lost,lost,2nd,Bangladesh,Khulna,3 Nov 2014
,,,,,,
Pakistan,won,won,1st,New Zealand,Abu Dhabi,9 Nov 2014
,,,,,,
New Zealand,lost,lost,2nd,Pakistan,Abu Dhabi,9 Nov 2014
,,,,,,
Bangladesh,won,won,1st,Zimbabwe,Chittagong,12 Nov 2014
,,,,,,
Zimbabwe,lost,lost,2nd,Bangladesh,Chittagong,12 Nov 2014
,,,,,,
New Zealand,draw,won,1st,Pakistan,Dubai (DSC),17 Nov 2014
,,,,,,
Pakistan,draw,lost,2nd,New Zealand,Dubai (DSC),17 Nov 2014
,,,,,,
New Zealand,won,lost,2nd,Pakistan,Sharjah,26 Nov 2014
,,,,,,
Pakistan,lost,won,1st,New Zealand,Sharjah,26 Nov 2014
,,,,,,
Australia,won,won,1st,India,Adelaide,9 Dec 2014
,,,,,,
India,lost,lost,2nd,Australia,Adelaide,9 Dec 2014
,,,,,,
Australia,won,lost,2nd,India,Brisbane,17 Dec 2014
,,,,,,
India,lost,won,1st,Australia,Brisbane,17 Dec 2014
,,,,,,
South Africa,won,lost,1st,West Indies,Centurion,17 Dec 2014
,,,,,,
West Indies,lost,won,2nd,South Africa,Centurion,17 Dec 2014
,,,,,,
New Zealand,won,lost,1st,Sri Lanka,Christchurch,26 Dec 2014
,,,,,,
Sri Lanka,lost,won,2nd,New Zealand,Christchurch,26 Dec 2014
,,,,,,
Australia,draw,won,1st,India,Melbourne,26 Dec 2014
,,,,,,
India,draw,lost,2nd,Australia,Melbourne,26 Dec 2014
,,,,,,
South Africa,draw,lost,1st,West Indies,Port Elizabeth,26 Dec 2014
,,,,,,
West Indies,draw,won,2nd,South Africa,Port Elizabeth,26 Dec 2014
,,,,,,
South Africa,won,lost,2nd,West Indies,Cape Town,2 Jan 2015
,,,,,,
West Indies,lost,won,1st,South Africa,Cape Town,2 Jan 2015
,,,,,,
New Zealand,won,lost,1st,Sri Lanka,Wellington,3 Jan 2015
,,,,,,
Sri Lanka,lost,won,2nd,New Zealand,Wellington,3 Jan 2015
,,,,,,
Australia,draw,won,1st,India,Sydney,6 Jan 2015
,,,,,,
India,draw,lost,2nd,Australia,Sydney,6 Jan 2015
,,,,,,
England,draw,lost,1st,West Indies,North Sound,13 Apr 2015
,,,,,,
West Indies,draw,won,2nd,England,North Sound,13 Apr 2015
,,,,,,
England,won,won,2nd,West Indies,St George's,21 Apr 2015
,,,,,,
West Indies,lost,lost,1st,England,St George's,21 Apr 2015
,,,,,,
Bangladesh,draw,won,1st,Pakistan,Khulna,28 Apr 2015
,,,,,,
Pakistan,draw,lost,2nd,Bangladesh,Khulna,28 Apr 2015
,,,,,,
West Indies,won,lost,2nd,England,Bridgetown,1 May 2015
,,,,,,
England,lost,won,1st,West Indies,Bridgetown,1 May 2015
,,,,,,
Pakistan,won,lost,1st,Bangladesh,Dhaka,6 May 2015
,,,,,,
Bangladesh,lost,won,2nd,Pakistan,Dhaka,6 May 2015
,,,,,,
England,won,lost,1st,New Zealand,Lord's,21 May 2015
,,,,,,
New Zealand,lost,won,2nd,England,Lord's,21 May 2015
,,,,,,
New Zealand,won,lost,1st,England,Leeds,29 May 2015
,,,,,,
England,lost,won,2nd,New Zealand,Leeds,29 May 2015
,,,,,,
Australia,won,lost,2nd,West Indies,Roseau,3 Jun 2015
,,,,,,
West Indies,lost,won,1st,Australia,Roseau,3 Jun 2015
,,,,,,
Bangladesh,draw,lost,2nd,India,Fatullah,10 Jun 2015
,,,,,,
India,draw,won,1st,Bangladesh,Fatullah,10 Jun 2015
,,,,,,
Australia,won,lost,1st,West Indies,Kingston,11 Jun 2015
,,,,,,
West Indies,lost,won,2nd,Australia,Kingston,11 Jun 2015
,,,,,,
Pakistan,won,won,2nd,Sri Lanka,Galle,17 Jun 2015
,,,,,,
Sri Lanka,lost,lost,1st,Pakistan,Galle,17 Jun 2015
,,,,,,
Sri Lanka,won,lost,2nd,Pakistan,Colombo (PSS),25 Jun 2015
,,,,,,
Pakistan,lost,won,1st,Sri Lanka,Colombo (PSS),25 Jun 2015
,,,,,,
Pakistan,won,won,2nd,Sri Lanka,Pallekele,3 Jul 2015
,,,,,,
Sri Lanka,lost,lost,1st,Pakistan,Pallekele,3 Jul 2015
,,,,,,
England,won,won,1st,Australia,Cardiff,8 Jul 2015
,,,,,,
Australia,lost,lost,2nd,England,Cardiff,8 Jul 2015
,,,,,,
Australia,won,won,1st,England,Lord's,16 Jul 2015
,,,,,,
England,lost,lost,2nd,Australia,Lord's,16 Jul 2015
,,,,,,
Bangladesh,draw,lost,2nd,South Africa,Chittagong,21 Jul 2015
,,,,,,
South Africa,draw,won,1st,Bangladesh,Chittagong,21 Jul 2015
,,,,,,
England,won,lost,2nd,Australia,Birmingham,29 Jul 2015
,,,,,,
Australia,lost,won,1st,England,Birmingham,29 Jul 2015
,,,,,,
Bangladesh,draw,won,1st,South Africa,Dhaka,30 Jul 2015
,,,,,,
South Africa,draw,lost,2nd,Bangladesh,Dhaka,30 Jul 2015
,,,,,,
England,won,won,2nd,Australia,Nottingham,6 Aug 2015
,,,,,,
Australia,lost,lost,1st,England,Nottingham,6 Aug 2015
,,,,,,
Sri Lanka,won,won,1st,India,Galle,12 Aug 2015
,,,,,,
India,lost,lost,2nd,Sri Lanka,Galle,12 Aug 2015
,,,,,,
India,won,won,1st,Sri Lanka,Colombo (PSS),20 Aug 2015
,,,,,,
Sri Lanka,lost,lost,2nd,India,Colombo (PSS),20 Aug 2015
,,,,,,
Australia,won,lost,1st,England,The Oval,20 Aug 2015
,,,,,,
England,lost,won,2nd,Australia,The Oval,20 Aug 2015
,,,,,,
India,won,lost,1st,Sri Lanka,Colombo (SSC),28 Aug 2015
,,,,,,
Sri Lanka,lost,won,2nd,India,Colombo (SSC),28 Aug 2015
,,,,,,
England,draw,lost,2nd,Pakistan,Abu Dhabi,13 Oct 2015
,,,,,,
Pakistan,draw,won,1st,England,Abu Dhabi,13 Oct 2015
,,,,,,
Sri Lanka,won,won,1st,West Indies,Galle,14 Oct 2015
,,,,,,
West Indies,lost,lost,2nd,Sri Lanka,Galle,14 Oct 2015
,,,,,,
Sri Lanka,won,won,1st,West Indies,Colombo (PSS),22 Oct 2015
,,,,,,
West Indies,lost,lost,2nd,Sri Lanka,Colombo (PSS),22 Oct 2015
,,,,,,
Pakistan,won,won,1st,England,Dubai (DSC),22 Oct 2015
,,,,,,
England,lost,lost,2nd,Pakistan,Dubai (DSC),22 Oct 2015
,,,,,,
Pakistan,won,won,1st,England,Sharjah,1 Nov 2015
,,,,,,
England,lost,lost,2nd,Pakistan,Sharjah,1 Nov 2015
,,,,,,
Australia,won,won,1st,New Zealand,Brisbane,5 Nov 2015
,,,,,,
New Zealand,lost,lost,2nd,Australia,Brisbane,5 Nov 2015
,,,,,,
India,won,won,1st,South Africa,Mohali,5 Nov 2015
,,,,,,
South Africa,lost,lost,2nd,India,Mohali,5 Nov 2015
,,,,,,
Australia,draw,won,1st,New Zealand,Perth,13 Nov 2015
,,,,,,
New Zealand,draw,lost,2nd,Australia,Perth,13 Nov 2015
,,,,,,
India,draw,won,2nd,South Africa,Bengaluru,14 Nov 2015
,,,,,,
South Africa,draw,lost,1st,India,Bengaluru,14 Nov 2015
,,,,,,
India,won,won,1st,South Africa,Nagpur,25 Nov 2015
,,,,,,
South Africa,lost,lost,2nd,India,Nagpur,25 Nov 2015
,,,,,,
Australia,won,lost,2nd,New Zealand,Adelaide,27 Nov 2015
,,,,,,
New Zealand,lost,won,1st,Australia,Adelaide,27 Nov 2015
,,,,,,
India,won,won,1st,South Africa,Delhi,3 Dec 2015
,,,,,,
South Africa,lost,lost,2nd,India,Delhi,3 Dec 2015
,,,,,,
New Zealand,won,lost,1st,Sri Lanka,Dunedin,10 Dec 2015
,,,,,,
Sri Lanka,lost,won,2nd,New Zealand,Dunedin,10 Dec 2015
,,,,,,
Australia,won,won,1st,West Indies,Hobart,10 Dec 2015
,,,,,,
West Indies,lost,lost,2nd,Australia,Hobart,10 Dec 2015
,,,,,,
New Zealand,won,won,2nd,Sri Lanka,Hamilton,18 Dec 2015
,,,,,,
Sri Lanka,lost,lost,1st,New Zealand,Hamilton,18 Dec 2015
,,,,,,
Australia,won,lost,1st,West Indies,Melbourne,26 Dec 2015
,,,,,,
West Indies,lost,won,2nd,Australia,Melbourne,26 Dec 2015
,,,,,,
England,won,lost,1st,South Africa,Durban,26 Dec 2015
,,,,,,
South Africa,lost,won,2nd,England,Durban,26 Dec 2015
,,,,,,
England,draw,won,1st,South Africa,Cape Town,2 Jan 2016
,,,,,,
South Africa,draw,lost,2nd,England,Cape Town,2 Jan 2016
,,,,,,
Australia,draw,lost,2nd,West Indies,Sydney,3 Jan 2016
,,,,,,
West Indies,draw,won,1st,Australia,Sydney,3 Jan 2016
,,,,,,
England,won,lost,2nd,South Africa,Johannesburg,14 Jan 2016
,,,,,,
South Africa,lost,won,1st,England,Johannesburg,14 Jan 2016
,,,,,,
South Africa,won,won,1st,England,Centurion,22 Jan 2016
,,,,,,
England,lost,lost,2nd,South Africa,Centurion,22 Jan 2016
,,,,,,
Australia,won,won,2nd,New Zealand,Wellington,12 Feb 2016
,,,,,,
New Zealand,lost,lost,1st,Australia,Wellington,12 Feb 2016
,,,,,,
Australia,won,won,2nd,New Zealand,Christchurch,20 Feb 2016
,,,,,,
New Zealand,lost,lost,1st,Australia,Christchurch,20 Feb 2016
,,,,,,
England,won,lost,1st,Sri Lanka,Leeds,19 May 2016
,,,,,,
Sri Lanka,lost,won,2nd,England,Leeds,19 May 2016
,,,,,,
England,won,won,1st,Sri Lanka,Chester-le-Street,27 May 2016
,,,,,,
Sri Lanka,lost,lost,2nd,England,Chester-le-Street,27 May 2016
,,,,,,
England,draw,won,1st,Sri Lanka,Lord's,9 Jun 2016
,,,,,,
Sri Lanka,draw,lost,2nd,England,Lord's,9 Jun 2016
,,,,,,
Pakistan,won,won,1st,England,Lord's,14 Jul 2016
,,,,,,
England,lost,lost,2nd,Pakistan,Lord's,14 Jul 2016
,,,,,,
India,won,won,1st,West Indies,North Sound,21 Jul 2016
,,,,,,
West Indies,lost,lost,2nd,India,North Sound,21 Jul 2016
,,,,,,
England,won,won,1st,Pakistan,Manchester,22 Jul 2016
,,,,,,
Pakistan,lost,lost,2nd,England,Manchester,22 Jul 2016
,,,,,,
Sri Lanka,won,won,1st,Australia,Pallekele,26 Jul 2016
,,,,,,
Australia,lost,lost,2nd,Sri Lanka,Pallekele,26 Jul 2016
,,,,,,
New Zealand,won,lost,2nd,Zimbabwe,Bulawayo,28 Jul 2016
,,,,,,
Zimbabwe,lost,won,1st,New Zealand,Bulawayo,28 Jul 2016
,,,,,,
India,draw,lost,2nd,West Indies,Kingston,30 Jul 2016
,,,,,,
West Indies,draw,won,1st,India,Kingston,30 Jul 2016
,,,,,,
England,won,lost,1st,Pakistan,Birmingham,3 Aug 2016
,,,,,,
Pakistan,lost,won,2nd,England,Birmingham,3 Aug 2016
,,,,,,
Sri Lanka,won,won,1st,Australia,Galle,4 Aug 2016
,,,,,,
Australia,lost,lost,2nd,Sri Lanka,Galle,4 Aug 2016
,,,,,,
New Zealand,won,won,1st,Zimbabwe,Bulawayo,6 Aug 2016
,,,,,,
Zimbabwe,lost,lost,2nd,New Zealand,Bulawayo,6 Aug 2016
,,,,,,
India,won,lost,1st,West Indies,Gros Islet,9 Aug 2016
,,,,,,
West Indies,lost,won,2nd,India,Gros Islet,9 Aug 2016
,,,,,,
Pakistan,won,lost,2nd,England,The Oval,11 Aug 2016
,,,,,,
England,lost,won,1st,Pakistan,The Oval,11 Aug 2016
,,,,,,
Sri Lanka,won,won,1st,Australia,Colombo (SSC),13 Aug 2016
,,,,,,
Australia,lost,lost,2nd,Sri Lanka,Colombo (SSC),13 Aug 2016
,,,,,,
India,draw,lost,2nd,West Indies,Port of Spain,18 Aug 2016
,,,,,,
West Indies,draw,won,1st,India,Port of Spain,18 Aug 2016
,,,,,,
New Zealand,draw,lost,2nd,South Africa,Durban,19 Aug 2016
,,,,,,
South Africa,draw,won,1st,New Zealand,Durban,19 Aug 2016
,,,,,,
South Africa,won,lost,1st,New Zealand,Centurion,27 Aug 2016
,,,,,,
New Zealand,lost,won,2nd,South Africa,Centurion,27 Aug 2016
,,,,,,
India,won,won,1st,New Zealand,Kanpur,22 Sep 2016
,,,,,,
New Zealand,lost,lost,2nd,India,Kanpur,22 Sep 2016
,,,,,,
India,won,won,1st,New Zealand,Kolkata,30 Sep 2016
,,,,,,
New Zealand,lost,lost,2nd,India,Kolkata,30 Sep 2016
,,,,,,
India,won,won,1st,New Zealand,Indore,8 Oct 2016
,,,,,,
New Zealand,lost,lost,2nd,India,Indore,8 Oct 2016
,,,,,,
Pakistan,won,won,1st,West Indies,Dubai (DSC),13 Oct 2016
,,,,,,
West Indies,lost,lost,2nd,Pakistan,Dubai (DSC),13 Oct 2016
,,,,,,
England,won,won,1st,Bangladesh,Chittagong,20 Oct 2016
,,,,,,
Bangladesh,lost,lost,2nd,England,Chittagong,20 Oct 2016
,,,,,,
Pakistan,won,won,1st,West Indies,Abu Dhabi,21 Oct 2016
,,,,,,
West Indies,lost,lost,2nd,Pakistan,Abu Dhabi,21 Oct 2016
,,,,,,
Bangladesh,won,won,1st,England,Dhaka,28 Oct 2016
,,,,,,
England,lost,lost,2nd,Bangladesh,Dhaka,28 Oct 2016
,,,,,,
Sri Lanka,won,won,1st,Zimbabwe,Harare,29 Oct 2016
,,,,,,
Zimbabwe,lost,lost,2nd,Sri Lanka,Harare,29 Oct 2016
,,,,,,
West Indies,won,lost,2nd,Pakistan,Sharjah,30 Oct 2016
,,,,,,
Pakistan,lost,won,1st,West Indies,Sharjah,30 Oct 2016
,,,,,,
South Africa,won,won,1st,Australia,Perth,3 Nov 2016
,,,,,,
Australia,lost,lost,2nd,South Africa,Perth,3 Nov 2016
